iter	R2	RMSE
0	0.08704293387	0.13562867
1	0.1641038612	0.1297784208
2	0.2321533574	0.1243837284
3	0.2924516608	0.1194000156
4	0.3455817124	0.1148296495
5	0.3926278756	0.1106251197
6	0.4342698891	0.1067655085
7	0.4712120332	0.1032207731
8	0.5036798864	0.1000016725
9	0.5323870154	0.09706655286
10	0.5651897228	0.09360008129
11	0.5955981617	0.09026780587
12	0.6226141488	0.0872005316
13	0.6464512056	0.08440166343
14	0.6672797899	0.08187775315
15	0.6864338346	0.07948605139
16	0.7036629831	0.07727148847
17	0.718975601	0.07524858531
18	0.7322780455	0.07344602889
19	0.747554493	0.07131980522
20	0.7621077928	0.06923352331
21	0.7743443915	0.06742941497
22	0.7856968041	0.06571138933
23	0.7960253759	0.06410832006
24	0.8051374089	0.06266002477
25	0.8134788991	0.06130421148
26	0.8206243319	0.06011849383
27	0.8271340334	0.0590175362
28	0.8329205305	0.05802135536
29	0.8382380531	0.05709058699
30	0.8429687414	0.05624959262
31	0.8470921952	0.05550615607
32	0.8508802106	0.05481431189
33	0.8542760099	0.05418659391
34	0.8575579292	0.0535729381
35	0.8605776035	0.05300204145
36	0.8631546402	0.05250992083
37	0.8654305006	0.05207144673
38	0.8675352861	0.05166262018
39	0.8702273523	0.05113495857
40	0.8731430258	0.05055725662
41	0.8756275157	0.0500597274
42	0.8776645187	0.04964808974
43	0.8798475275	0.04920312444
44	0.881665463	0.04882947822
45	0.8832946912	0.04849217142
46	0.8850331928	0.0481296342
47	0.8863297613	0.04785746735
48	0.8874961085	0.0476113064
49	0.8886017525	0.04737677615
50	0.8896536393	0.04715256614
51	0.8904405621	0.04698413367
52	0.8913469859	0.04678937186
53	0.8922228512	0.04660040283
54	0.8928874507	0.04645650174
55	0.8936407825	0.04629284719
56	0.8947321974	0.04605471556
57	0.8952839825	0.04593385385
58	0.8958048951	0.04581946183
59	0.8964549209	0.04567631484
60	0.8970632624	0.04554193987
61	0.8976198748	0.04541864294
62	0.8983195858	0.04526317131
63	0.8990115309	0.04510889825
64	0.8995233359	0.04499444814
65	0.8999156259	0.04490652656
66	0.9004092064	0.04479565821
67	0.900833445	0.04470014571
68	0.9011658449	0.04462516682
69	0.9015369081	0.04454131764
70	0.9019511905	0.04444751531
71	0.9022653486	0.04437625105
72	0.9025443035	0.04431287629
73	0.9028181831	0.04425056628
74	0.9030787093	0.04419121275
75	0.9035826269	0.04407618255
76	0.9039431806	0.04399369371
77	0.9042229697	0.04392957577
78	0.9046345087	0.04383509489
79	0.9049251551	0.04376824556
80	0.9052403972	0.04369562358
81	0.9056312757	0.04360540934
82	0.90589538	0.04354434863
83	0.9060699849	0.04350393303
84	0.9063553352	0.04343780241
85	0.9065192484	0.04339976956
86	0.9068576501	0.04332114444
87	0.9070348385	0.04327991904
88	0.9074029003	0.04319415852
89	0.907775464	0.04310717525
90	0.9080864319	0.04303443829
91	0.9083176005	0.04298028701
92	0.9084605696	0.04294676231
93	0.9087188065	0.04288614213
94	0.9089705033	0.04282697466
95	0.9091609925	0.04278214112
96	0.9093960538	0.04272675225
97	0.9096380547	0.04266965304
98	0.9097189649	0.04265054555
99	0.9098497154	0.04261964978
100	0.9100379401	0.04257513377
101	0.9102302917	0.04252959359
102	0.9102309647	0.04252943418
103	0.9105409823	0.04245593289
104	0.9107638301	0.0424030198
105	0.9110254994	0.04234080447
106	0.9112354449	0.04229082098
107	0.911488834	0.04223041573
108	0.911684731	0.04218365668
109	0.9118137899	0.04215282301
110	0.9121377501	0.04207532562
111	0.9123483942	0.04202485892
112	0.9126107283	0.0419619233
113	0.912787862	0.04191937437
114	0.9128908013	0.04189462768
115	0.9130112227	0.0418656597
116	0.9131921052	0.04182210979
117	0.9134507645	0.04175975516
118	0.9136948735	0.04170082264
119	0.9137170894	0.04169545516
120	0.9138878838	0.04165416727
121	0.9140998447	0.04160287081
122	0.9146580485	0.04146747682
123	0.914667574	0.04146516253
124	0.9147911825	0.04143511942
125	0.91490698	0.04140695501
126	0.9150396761	0.04137465689
127	0.915213877	0.04133221826
128	0.915301836	0.04131077322
129	0.9154414577	0.04127670956
130	0.9156755693	0.04121952991
131	0.9158557885	0.0411754589
132	0.9159987023	0.04114047705
133	0.9163439214	0.04105585277
134	0.916476458	0.04102331742
135	0.9166227993	0.04098736325
136	0.9167508523	0.04095587639
137	0.916857667	0.04092959328
138	0.9169317767	0.04091134772
139	0.917073956	0.04087632087
140	0.9171780691	0.04085065284
141	0.9173254639	0.04081428654
142	0.9174439114	0.0407850388
143	0.9176246123	0.04074037868
144	0.9177431163	0.04071106388
145	0.917824736	0.04069086103
146	0.9178821073	0.04067665423
147	0.9180006467	0.04064728469
148	0.9181208779	0.04061747432
149	0.9182254657	0.04059152478
150	0.9184222553	0.0405426538
151	0.9186146298	0.04049482228
152	0.9188262264	0.04044214609
153	0.9189189168	0.04041904953
154	0.9189701179	0.04040628559
155	0.9190361388	0.0403898213
156	0.9190859913	0.04037738459
157	0.9192358431	0.04033997806
158	0.9193531081	0.04031068174
159	0.9193548758	0.04031023993
160	0.9194853799	0.04027761069
161	0.9195459392	0.04026246038
162	0.9196114267	0.04024607075
163	0.919627	0.04024217221
164	0.9197006094	0.04022374016
165	0.9198084696	0.0401967163
166	0.9199595477	0.04015883381
167	0.9200940849	0.04012506884
168	0.9202103031	0.04009587851
169	0.9202701633	0.04008083523
170	0.9203303965	0.0400656925
171	0.920465336	0.04003174773
172	0.9205401028	0.0400129273
173	0.9205417834	0.04001250416
174	0.9207260754	0.03996607557
175	0.9207539573	0.03995904662
176	0.9207728775	0.03995427617
177	0.9208398297	0.03993739058
178	0.9210084405	0.03989483467
179	0.9210106645	0.03989427306
180	0.9210909917	0.0398739829
181	0.9211568512	0.03985733951
182	0.9213194333	0.03981622347
183	0.9214798199	0.03977562105
184	0.9216544775	0.03973135863
185	0.9216828679	0.03972415919
186	0.9218357023	0.03968537979
187	0.9219055931	0.03966763341
188	0.9219949645	0.03964492907
189	0.9219952152	0.03964486536
190	0.9219954169	0.03964481409
191	0.922071518	0.03962547069
192	0.9221106233	0.03961552721
193	0.9221934369	0.03959446158
194	0.9222721981	0.03957441638
195	0.9222733216	0.03957413036
196	0.9223398069	0.03955720143
197	0.9223861291	0.03954540226
198	0.9224373906	0.03953234085
199	0.9226119641	0.03948782725
200	0.9227125651	0.03946215267
201	0.9228436694	0.03942866823
202	0.9231098031	0.03936060926
203	0.9232280291	0.03933033728
204	0.9232297895	0.03932988634
205	0.9233520785	0.03929854913
206	0.9235505692	0.03924763156
207	0.9236918421	0.03921135142
208	0.9237541533	0.03919533867
209	0.9237543959	0.03919527633
210	0.9237547908	0.03919517481
211	0.9238007261	0.03918336612
212	0.9238021136	0.03918300938
213	0.9239146328	0.03915406849
214	0.9240228299	0.03912621908
215	0.9240238733	0.03912595043
216	0.9240247108	0.03912573478
217	0.9241076122	0.03910438269
218	0.9243039182	0.03905377554
219	0.9243132456	0.03905136931
220	0.9244431377	0.03901784533
221	0.9244963423	0.0390041054
222	0.9245877079	0.03898049917
223	0.9246828063	0.0389559133
224	0.9248273311	0.03891851947
225	0.9249563181	0.03888511545
226	0.9249649743	0.03888287271
227	0.9250612052	0.03885793146
228	0.925062729	0.03885753639
229	0.9251222101	0.03884211183
230	0.9251616505	0.03883188083
231	0.9251625858	0.03883163818
232	0.9251638911	0.03883129953
233	0.9252306678	0.03881397095
234	0.9252795451	0.03880128239
235	0.9252865088	0.03879947427
236	0.9252885509	0.03879894402
237	0.9252894012	0.03879872324
238	0.9253726119	0.03877711072
239	0.9255234706	0.03873789708
240	0.9257515612	0.03867853255
241	0.9258175549	0.03866133957
242	0.9258194433	0.03866084747
243	0.9258210024	0.03866044119
244	0.9258897611	0.03864251928
245	0.925933209	0.03863119033
246	0.9260013968	0.03861340381
247	0.9260026306	0.03861308191
248	0.9260041292	0.03861269089
249	0.9260889265	0.03859055998
250	0.9261331847	0.03857900419
251	0.9261338725	0.03857882457
252	0.926135412	0.03857842254
253	0.9261653905	0.03857059309
254	0.9262534801	0.03854757758
255	0.9263362925	0.03852592832
256	0.9263378454	0.03852552223
257	0.9264258145	0.03850251132
258	0.9266241621	0.03845057711
259	0.9267716413	0.03841191646
260	0.9268326843	0.0383959031
261	0.9268522417	0.03839077118
262	0.9268528867	0.03839060194
263	0.926895279	0.03837947571
264	0.9268960167	0.03837928206
265	0.9268965664	0.03837913778
266	0.926974481	0.03835867982
267	0.927086303	0.03832929976
268	0.9271282123	0.03831828273
269	0.927208922	0.03829705699
270	0.9273457466	0.03826104678
271	0.9273472715	0.03826064528
272	0.9274033559	0.03824587473
273	0.9274924519	0.03822239844
274	0.927555813	0.03820569437
275	0.9275563413	0.03820555507
276	0.9275578712	0.03820515164
277	0.9276206717	0.03818858792
278	0.9276812654	0.03817259941
279	0.9277584638	0.03815221985
280	0.9278299942	0.03813332684
281	0.9279207327	0.038109347
282	0.9279213256	0.03810919028
283	0.9279985848	0.03808876068
284	0.928077824	0.03806779615
285	0.928173637	0.03804243119
286	0.9282541648	0.03802109965
287	0.9282852717	0.03801285636
288	0.9283842151	0.0379866245
289	0.928430849	0.03797425464
290	0.9284320259	0.03797394241
291	0.9284829524	0.03796042921
292	0.928521995	0.03795006611
293	0.9285949878	0.03793068402
294	0.9286789489	0.0379083772
295	0.9287291915	0.03789502243
296	0.9289247956	0.03784298488
297	0.928925387	0.03784282744
298	0.9291010912	0.0377960227
299	0.9291713838	0.03777728167
300	0.929171918	0.0377771392
301	0.9292200815	0.03776429269
302	0.9292780715	0.03774881936
303	0.9294028409	0.03771550597
304	0.9294034182	0.03771535174
305	0.9294450948	0.03770421751
306	0.9295127363	0.0376861395
307	0.9296335	0.0376538424
308	0.9296995442	0.03763616778
309	0.9297456798	0.03762381616
310	0.9297464308	0.03762361507
311	0.9297476396	0.03762329138
312	0.929786971	0.03761275803
313	0.9298911389	0.03758484658
314	0.9299646397	0.03756513978
315	0.930023747	0.03754928463
316	0.9301476844	0.03751601747
317	0.9301485856	0.03751577546
318	0.9302505006	0.03748839725
319	0.930301562	0.03747467269
320	0.9303792114	0.03745379203
321	0.9305125048	0.03741792105
322	0.930567358	0.03740314934
323	0.9305684195	0.03740286343
324	0.9305970864	0.03739514118
325	0.9306239823	0.03738789457
326	0.9306244296	0.03738777402
327	0.930624766	0.03738768339
328	0.9307036045	0.03736643352
329	0.9307636858	0.0373502313
330	0.9308286743	0.03733269784
331	0.9308608953	0.03732400177
332	0.9308613332	0.03732388357
333	0.930881383	0.03731847133
334	0.9309580528	0.03729776785
335	0.9310306862	0.03727814371
336	0.9310584119	0.03727065005
337	0.9311713133	0.0372401196
338	0.931245963	0.03721991932
339	0.9312969961	0.03720610339
340	0.9313585758	0.03718942543
341	0.9313760782	0.03718468379
342	0.9314655484	0.03716043564
343	0.9315274515	0.03714364945
344	0.9315291954	0.03714317643
345	0.931620165	0.03711849422
346	0.9317450139	0.037084593
347	0.9318025705	0.03706895374
348	0.9318274106	0.03706220217
349	0.9318811535	0.03704759055
350	0.9318817338	0.03704743276
351	0.9319190163	0.03703729297
352	0.931954178	0.03702772742
353	0.9320194947	0.03700995184
354	0.9320199989	0.03700981458
355	0.932026528	0.03700803725
356	0.9321013579	0.03698766114
357	0.9322376752	0.03695051318
358	0.9322530776	0.0369463135
359	0.9323139617	0.03692970798
360	0.9323141768	0.03692964928
361	0.9323524556	0.03691920529
362	0.9323853826	0.03691021908
363	0.9324779172	0.03688495354
364	0.9325286264	0.03687110061
365	0.9325553731	0.03686379175
366	0.9325568773	0.03686338066
367	0.9326637552	0.03683416015
368	0.9326928292	0.0368262073
369	0.9327242971	0.03681759767
370	0.9328711655	0.03677738779
371	0.9329322552	0.03676064959
372	0.9330415506	0.03673068432
373	0.9331044439	0.03671342991
374	0.9331054476	0.03671315448
375	0.9331414473	0.03670327446
376	0.9332828627	0.03666443756
377	0.9333166764	0.03665514522
378	0.9333566201	0.03664416527
379	0.9334012488	0.03663189357
380	0.9334235064	0.03662577177
381	0.933424935	0.03662537881
382	0.9334450803	0.03661983706
383	0.9334609057	0.03661548307
384	0.9335093007	0.03660216513
385	0.9335734169	0.03658451334
386	0.9336360274	0.03656726789
387	0.9336768781	0.03655601156
388	0.9337249201	0.03654276927
389	0.9337758334	0.03652873028
390	0.9338100546	0.03651929098
391	0.9338257358	0.03651496479
392	0.9338648935	0.03650415958
393	0.933951338	0.03648029467
394	0.9339929182	0.03646880999
395	0.9340376008	0.03645646437
396	0.9340685352	0.03644791486
397	0.934087875	0.03644256879
398	0.9340983353	0.03643967697
399	0.9341752861	0.03641839614
400	0.9342329625	0.03640243754
401	0.9342332858	0.03640234805
402	0.9342580041	0.03639550654
403	0.9342754656	0.03639067278
404	0.9343182008	0.03637883993
405	0.9343238402	0.03637727818
406	0.9343813495	0.0363613478
407	0.9344172779	0.03635139193
408	0.9345309174	0.03631988404
409	0.9345667544	0.03630994214
410	0.9346769531	0.03627935376
411	0.9347221109	0.03626681164
412	0.9347357249	0.03626302965
413	0.9347638283	0.03625522122
414	0.9348147312	0.03624107371
415	0.9348671873	0.03622648877
416	0.9349291282	0.03620925908
417	0.9349980177	0.03619008692
418	0.9350474939	0.03617631128
419	0.935066192	0.03617110382
420	0.9351080611	0.03615944041
421	0.9351706279	0.0361420043
422	0.9352095895	0.03613114225
423	0.9352241003	0.03612709596
424	0.9352676576	0.03611494742
425	0.9353213328	0.03609997132
426	0.9353629045	0.03608836796
427	0.9354018625	0.03607749075
428	0.9354738419	0.03605738522
429	0.9354909945	0.03605259245
430	0.9355645437	0.03603203409
431	0.9356019624	0.03602157039
432	0.9356892344	0.03599715398
433	0.9357208399	0.03598830747
434	0.9357273077	0.03598649686
435	0.9357511921	0.03597980975
436	0.9357690418	0.03597481142
437	0.9358249012	0.03595916501
438	0.9358584142	0.03594977463
439	0.9359466455	0.03592504041
440	0.9359763843	0.03591669975
441	0.9359972829	0.03591083731
442	0.9360761191	0.03588871368
443	0.9361134711	0.0358782269
444	0.9361307461	0.0358733758
445	0.9361775611	0.03586022614
446	0.9362397087	0.03584276227
447	0.9362934106	0.03582766489
448	0.936319755	0.03582025627
449	0.9364053248	0.0357961816
450	0.9364201205	0.03579201725
451	0.9364532071	0.03578270303
452	0.9364748551	0.03577660763
453	0.9365142629	0.03576550888
454	0.9365555392	0.03575388025
455	0.9365992743	0.03574155473
456	0.9366345577	0.03573160802
457	0.9366558759	0.03572559686
458	0.936705089	0.03571171627
459	0.9367969435	0.03568579419
460	0.9368141639	0.03568093236
461	0.9368866041	0.03566047305
462	0.9369122522	0.03565322645
463	0.9369686481	0.03563728717
464	0.9370352546	0.03561845287
465	0.9370669297	0.03560949262
466	0.9372010853	0.03557151766
467	0.9372517453	0.03555716697
468	0.9372670013	0.03555284418
469	0.9373061169	0.03554175841
470	0.9373088271	0.0355409902
471	0.9373429474	0.03553131709
472	0.9373917582	0.0355174747
473	0.9374230428	0.03550859976
474	0.9374859814	0.03549073835
475	0.9375589616	0.03547001596
476	0.9375999127	0.03545838281
477	0.9376416235	0.03544652989
478	0.9377175846	0.03542493393
479	0.9377745474	0.03540873062
480	0.9378188484	0.03539612385
481	0.9378210097	0.0353955087
482	0.9378671468	0.03538237445
483	0.937885978	0.03537701221
484	0.9379117749	0.03536966514
485	0.9379427217	0.03536084935
486	0.9380161434	0.03533992496
487	0.9380341012	0.03533480527
488	0.9381053758	0.035314478
489	0.9381261946	0.03530853832
490	0.9381507097	0.03530154281
491	0.9381921359	0.03528971845
492	0.93823564	0.03527729676
493	0.9382704832	0.03526734485
494	0.9383925242	0.03523246534
495	0.9384140255	0.03522631665
496	0.9384230738	0.03522372879
497	0.9384360341	0.03522002179
498	0.9384533423	0.03521507051
499	0.9384616764	0.03521268618
500	0.9384931896	0.03520366899
501	0.938557228	0.03518533788
502	0.9385866195	0.03517692134
503	0.9386498234	0.03515881542
504	0.9386921508	0.03514668474
505	0.9387282029	0.03513634923
506	0.9387380272	0.03513353222
507	0.9387608307	0.03512699276
508	0.938806536	0.03511388194
509	0.9388536164	0.03510037158
510	0.938876267	0.03509386981
511	0.9389895798	0.03506132575
512	0.9389984923	0.03505876476
513	0.939009572	0.03505558073
514	0.939050607	0.03504378588
515	0.9390986792	0.03502996323
516	0.9392787908	0.03497812549
517	0.9393377598	0.03496113696
518	0.9393515831	0.03495715338
519	0.9393760839	0.03495009167
520	0.9394156142	0.03493869506
521	0.9394774608	0.03492085721
522	0.9395011824	0.03491401298
523	0.9395352558	0.03490417967
524	0.9395558189	0.034898244
525	0.9395680321	0.03489471809
526	0.93961999	0.03487971407
527	0.9396529957	0.03487017955
528	0.9396618043	0.03486763454
529	0.9396865932	0.03486047141
530	0.9397442608	0.03484380181
531	0.9397665829	0.03483734718
532	0.9398089867	0.03482508243
533	0.9398539058	0.03481208543
534	0.9398743095	0.03480618019
535	0.9399088079	0.03479619336
536	0.9400254867	0.03476239513
537	0.9400517926	0.0347547706
538	0.9400832152	0.03474566083
539	0.9401059081	0.03473908041
540	0.9401157616	0.03473622273
541	0.9401495753	0.03472641443
542	0.9401841789	0.03471637412
543	0.9402419816	0.0346995961
544	0.9402899438	0.03468566823
545	0.940479596	0.03463053978
546	0.9405392796	0.03461317268
547	0.9405728698	0.03460339455
548	0.9405997831	0.03459555809
549	0.9406255566	0.03458805186
550	0.9406523333	0.03458025171
551	0.9406558086	0.03457923921
552	0.9406675004	0.03457583271
553	0.9406730896	0.03457420411
554	0.9406925449	0.03456853463
555	0.9407204046	0.03456041439
556	0.9407718198	0.03454542342
557	0.9407950693	0.03453864251
558	0.9408258681	0.03452965771
559	0.940864039	0.03451851906
560	0.9408878843	0.03451155895
561	0.9409335797	0.03449821713
562	0.9409664495	0.03448861686
563	0.9410342387	0.03446880925
564	0.9410583111	0.03446177271
565	0.9410728098	0.03445753391
566	0.9411057956	0.03444788838
567	0.9411143092	0.03444539844
568	0.9411417776	0.03443736365
569	0.941172203	0.03442846169
570	0.9412012644	0.03441995667
571	0.9412055014	0.0344187165
572	0.9412478843	0.03440630863
573	0.9412606803	0.03440256165
574	0.9412774961	0.03439763696
575	0.9412971651	0.03439187575
576	0.94132673	0.03438321416
577	0.9413551244	0.03437489343
578	0.9413645614	0.03437212755
579	0.941430457	0.03435280811
580	0.9414547001	0.03434569771
581	0.9415005868	0.0343322353
582	0.9415153266	0.03432790979
583	0.9415481483	0.03431827598
584	0.9415607015	0.03431459067
585	0.9415802849	0.03430884066
586	0.941612345	0.03429942522
587	0.941627203	0.03429506083
588	0.9416530504	0.03428746708
589	0.9416795051	0.03427969316
590	0.9417047577	0.03427227087
591	0.94173202	0.03426425606
592	0.9417815619	0.0342496865
593	0.9418083452	0.03424180733
594	0.9418433256	0.034231514
595	0.9418552069	0.03422801712
596	0.9418886927	0.03421815967
597	0.9419466838	0.03420108171
598	0.9419985014	0.03418581459
599	0.9420174487	0.03418023041
600	0.9420357382	0.03417483925
601	0.9420602451	0.03416761402
602	0.9421125067	0.03415220099
603	0.942132278	0.03414636818
604	0.942183176	0.03413134804
605	0.9422423044	0.03411389076
606	0.9422574899	0.0341094059
607	0.9422963992	0.0340979118
608	0.9423290571	0.03408826141
609	0.9423462977	0.03408316572
610	0.9424352192	0.03405687169
611	0.9424500303	0.03405249009
612	0.9424963779	0.03403877533
613	0.942516376	0.03403285597
614	0.9425252789	0.03403022039
615	0.9425450545	0.03402436544
616	0.9425729307	0.03401611039
617	0.9425804197	0.03401389234
618	0.9426481814	0.03399381626
619	0.9426993616	0.03397864498
620	0.9427027445	0.03397764196
621	0.9427493257	0.03396382768
622	0.9427678908	0.03395832038
623	0.9427780252	0.03395531366
624	0.9427852499	0.03395317003
625	0.9428043776	0.03394749404
626	0.9428239445	0.03394168676
627	0.9428619346	0.03393040875
628	0.9428858269	0.03392331402
629	0.9430087016	0.03388680328
630	0.9430629956	0.03387065794
631	0.9430801034	0.03386556899
632	0.9430943827	0.03386132086
633	0.9432506679	0.03381479066
634	0.9432783065	0.03380655523
635	0.9432977717	0.03380075405
636	0.9434401903	0.0337582788
637	0.9434690417	0.03374966757
638	0.9434814857	0.03374595277
639	0.9435033325	0.03373943
640	0.943517082	0.03373532422
641	0.9435523608	0.03372478715
642	0.9435524495	0.03372476065
643	0.943644827	0.03369715375
644	0.9436453513	0.03369699698
645	0.9436515795	0.03369513487
646	0.9436927856	0.03368281244
647	0.9437116258	0.03367717691
648	0.9437324108	0.03367095851
649	0.9437642597	0.03366142785
650	0.9437858288	0.03365497186
651	0.9437997364	0.03365080841
652	0.9438272081	0.03364258283
653	0.9438305245	0.03364158972
654	0.9438612636	0.03363238317
655	0.9438715142	0.03362931249
656	0.9438785719	0.03362719812
657	0.9439103329	0.03361768139
658	0.9439209415	0.03361450209
659	0.9439323884	0.0336110712
660	0.9439485689	0.03360622094
661	0.9440401541	0.03357875429
662	0.9440546272	0.03357441171
663	0.9441177534	0.03355546444
664	0.9441329024	0.03355091591
665	0.9441536018	0.03354469984
666	0.9441696506	0.03353987954
667	0.9441986042	0.03353118152
668	0.9442167218	0.03352573765
669	0.9442527582	0.03351490694
670	0.9442611382	0.03351238784
671	0.944270593	0.03350954544
672	0.9443094214	0.03349786983
673	0.9443644532	0.03348131494
674	0.944365193	0.03348109234
675	0.9443746805	0.03347823741
676	0.9443974293	0.03347139099
677	0.9444284662	0.03346204798
678	0.9444535318	0.03345450058
679	0.9444758409	0.03344778175
680	0.9444779002	0.03344716149
681	0.9444916726	0.0334430129
682	0.9445332913	0.03343047318
683	0.9445729428	0.03341852183
684	0.9446115176	0.03340689091
685	0.9446253408	0.03340272197
686	0.9446442607	0.03339701515
687	0.9446565314	0.03339331336
688	0.9447474203	0.03336588168
689	0.9447484939	0.03336555752
690	0.9447759369	0.03335727029
691	0.9447918518	0.03335246335
692	0.9448208663	0.03334369806
693	0.9448442215	0.03333664076
694	0.9448746866	0.03332743279
695	0.944908773	0.03331712731
696	0.9449361117	0.03330885956
697	0.9449489419	0.03330497876
698	0.9449672249	0.03329944784
699	0.9449871546	0.03329341773
700	0.945004679	0.03328811449
701	0.9450385748	0.03327785449
702	0.9450529428	0.03327350446
703	0.945081351	0.03326490198
704	0.9450909782	0.03326198621
705	0.9451161653	0.0332543566
706	0.9451339387	0.03324897168
707	0.9451460155	0.03324531219
708	0.9451818486	0.03323445173
709	0.9452167497	0.03322387036
710	0.9452500528	0.0332137703
711	0.9453699629	0.03317737896
712	0.9454892043	0.0331411509
713	0.9455985551	0.03310789299
714	0.9456061354	0.03310558629
715	0.9456262982	0.03309944991
716	0.9456431037	0.03309433442
717	0.9456541443	0.03309097332
718	0.9456924322	0.0330793146
719	0.9457055888	0.03307530744
720	0.945743592	0.03306372993
721	0.9457626868	0.03305791126
722	0.9457884674	0.03305005363
723	0.9458136342	0.03304238125
724	0.9458346034	0.0330359872
725	0.9458522012	0.03303062026
726	0.9458928375	0.03301822368
727	0.9459286257	0.03300730223
728	0.9459357542	0.0330051264
729	0.9459499897	0.03300078087
730	0.9460220474	0.03297877575
731	0.9460333251	0.03297533042
732	0.9460820158	0.03296045128
733	0.9460966908	0.03295596549
734	0.9461112947	0.03295150085
735	0.9461296923	0.03294587557
736	0.9461317263	0.03294525359
737	0.9461371775	0.03294358659
738	0.9461886222	0.03292785052
739	0.9462100653	0.03292128923
740	0.9462294741	0.03291534926
741	0.9462566992	0.03290701537
742	0.9462739932	0.03290172036
743	0.9462884544	0.03289729207
744	0.9463046242	0.03289233984
745	0.9463141813	0.03288941249
746	0.9463385273	0.03288195415
747	0.9463550534	0.03287689042
748	0.9463673519	0.03287312159
749	0.9464114256	0.03285961172
750	0.9464240368	0.03285574502
751	0.9464396201	0.0328509664
752	0.9464654327	0.03284304943
753	0.9464838165	0.03283740979
754	0.9465044175	0.03283108883
755	0.9465858004	0.03280610634
756	0.9465990574	0.03280203497
757	0.9466002827	0.03280165863
758	0.9466337183	0.03279138783
759	0.9466609994	0.03278300521
760	0.9466792712	0.03277738966
761	0.9467164447	0.03276596201
762	0.9467348482	0.03276030303
763	0.9467473717	0.03275645155
764	0.9467582086	0.03275311842
765	0.9467750098	0.03274795018
766	0.9467902228	0.03274326974
767	0.9468078524	0.03273784501
768	0.9468223994	0.03273336813
769	0.9468392538	0.03272818035
770	0.9468705147	0.03271855612
771	0.9468842869	0.03271431522
772	0.9469086507	0.03270681145
773	0.9469229318	0.03270241223
774	0.9469568176	0.03269197151
775	0.946967968	0.03268853518
776	0.9469965856	0.03267971416
777	0.947012772	0.03267472385
778	0.947040284	0.03266624008
779	0.9470462506	0.03266439988
780	0.9470690018	0.03265738211
781	0.9471013289	0.03264740799
782	0.9471069286	0.03264567996
783	0.9471351235	0.03263697784
784	0.9471521815	0.03263171191
785	0.9471583093	0.03262982001
786	0.9471752208	0.03262459816
787	0.9472055576	0.0326152288
788	0.9472230286	0.03260983174
789	0.9472454963	0.03260288983
790	0.9472585479	0.03259885657
791	0.9472602297	0.03259833681
792	0.9472896355	0.03258924772
793	0.94730507	0.03258447603
794	0.9473253571	0.03257820304
795	0.9473336405	0.03257564139
796	0.94735015	0.0325705352
797	0.9473580144	0.03256810254
798	0.9473854113	0.03255962658
799	0.9473963346	0.03255624658
800	0.94742409	0.03254765656
801	0.9474442715	0.03254140918
802	0.9474635708	0.03253543376
803	0.9474806922	0.03253013177
804	0.9474854639	0.03252865394
805	0.9474898728	0.03252728843
806	0.9475026605	0.03252332755
807	0.9475190324	0.03251825575
808	0.9475287183	0.03251525483
809	0.9475463244	0.03250979931
810	0.9475731093	0.03250149787
811	0.9476112105	0.03248968551
812	0.9476256853	0.03248519683
813	0.9476266547	0.0324848962
814	0.9476388677	0.03248110835
815	0.9477164209	0.03245704522
816	0.9477475371	0.0324473855
817	0.947752308	0.03244590416
818	0.9477920439	0.03243356379
819	0.9478133189	0.03242695469
820	0.9478468201	0.03241654478
821	0.9478592936	0.03241266801
822	0.9478610682	0.03241211642
823	0.9478677441	0.03241004134
824	0.947871408	0.03240890242
825	0.9478909261	0.03240283454
826	0.9478960548	0.03240123991
827	0.9479262889	0.03239183791
828	0.9479560756	0.03238257233
829	0.9479998131	0.03236896239
830	0.9480186731	0.03236309187
831	0.9480456385	0.03235469659
832	0.9480727415	0.03234625628
833	0.9480830159	0.03234305608
834	0.948083509	0.03234290248
835	0.9480991774	0.03233802157
836	0.948108916	0.0323349875
837	0.9481200389	0.03233152179
838	0.9481387315	0.03232569667
839	0.9481760299	0.03231407032
840	0.9481904497	0.03230957438
841	0.9481943883	0.03230834626
842	0.94819926	0.03230682712
843	0.9482046478	0.03230514696
844	0.9482398968	0.03229415255
845	0.9482676636	0.03228548927
846	0.9482818181	0.03228107215
847	0.9482948018	0.03227701986
848	0.9483286576	0.03226645086
849	0.9483596899	0.03225676026
850	0.9483854884	0.03224870182
851	0.9484097916	0.03224110864
852	0.9484718418	0.03222171378
853	0.9484805448	0.03221899257
854	0.9485119476	0.0322091718
855	0.9485458098	0.03219857853
856	0.948569156	0.03219127302
857	0.9485825738	0.03218707354
858	0.9486078233	0.03217916955
859	0.9486396022	0.03216921883
860	0.9486453045	0.03216743298
861	0.9486586379	0.03216325684
862	0.9486600496	0.03216281467
863	0.948670956	0.03215939821
864	0.9486746309	0.03215824698
865	0.9486991904	0.03215055211
866	0.9487125997	0.03214634998
867	0.9487246761	0.03214256509
868	0.9487299369	0.03214091615
869	0.9487473386	0.03213546117
870	0.9487538819	0.03213340975
871	0.9488475568	0.03210402736
872	0.9488561983	0.03210131547
873	0.9489217661	0.03208073146
874	0.948932666	0.03207730832
875	0.9489374616	0.03207580213
876	0.9490131953	0.03205200662
877	0.9490164668	0.03205097832
878	0.9490299068	0.03204675348
879	0.9490404027	0.03204345374
880	0.9490444721	0.0320421743
881	0.9490545878	0.0320389936
882	0.9490546423	0.03203897649
883	0.9490709012	0.03203386354
884	0.9490918274	0.03202728171
885	0.9491106178	0.03202137044
886	0.9491155871	0.03201980697
887	0.9491195085	0.03201857317
888	0.9491359344	0.03201340443
889	0.9491373005	0.03201297451
890	0.9491534453	0.03200789333
891	0.9491544276	0.03200758416
892	0.9491973225	0.03199408001
893	0.949207949	0.03199073372
894	0.9492152949	0.03198842027
895	0.949226728	0.03198481929
896	0.9492435535	0.03197951922
897	0.949260804	0.03197408435
898	0.9492660631	0.03197242726
899	0.9493374097	0.03194993809
900	0.9493478316	0.03194665168
901	0.9493570491	0.03194374478
902	0.9493611882	0.03194243936
903	0.9493660161	0.03194091664
904	0.9493831731	0.0319355047
905	0.9494160432	0.03192513369
906	0.9494474563	0.03191521925
907	0.9494618987	0.03191065998
908	0.9494796137	0.03190506671
909	0.949487667	0.03190252366
910	0.9495097967	0.03189553456
911	0.9495485948	0.03188327749
912	0.9495571952	0.03188055983
913	0.9495667754	0.03187753228
914	0.9495892624	0.03187042475
915	0.9496265647	0.03185863103
916	0.9496406955	0.03185416222
917	0.9496518728	0.03185062698
918	0.9496718542	0.03184430616
919	0.9496767979	0.03184274212
920	0.9497128366	0.03183133808
921	0.9497479697	0.03182021665
922	0.9497604493	0.03181626527
923	0.9497755046	0.03181149773
924	0.9497817557	0.03180951799
925	0.9498001364	0.03180369604
926	0.9498489504	0.03178822943
927	0.9499256754	0.03176390407
928	0.9499379655	0.03176000581
929	0.9499426152	0.03175853086
930	0.9499449785	0.03175778117
931	0.9499778037	0.03174736637
932	0.9499831917	0.03174565652
933	0.9500465913	0.0317255303
934	0.9500538228	0.03172323384
935	0.9500667021	0.03171914345
936	0.9500676587	0.0317188396
937	0.9501007649	0.03170832273
938	0.950107506	0.03170618085
939	0.9501293073	0.03169925284
940	0.9501502729	0.03169258899
941	0.950157226	0.03169037865
942	0.9501794449	0.03168331437
943	0.9501857212	0.03168131863
944	0.9502031593	0.03167577292
945	0.9502528948	0.0316599506
946	0.9502591206	0.03165796941
947	0.9502636482	0.03165652857
948	0.9502851235	0.03164969348
949	0.9502909669	0.03164783338
950	0.9503140069	0.0316404982
951	0.9503288339	0.03163577686
952	0.9503392941	0.03163244562
953	0.9504021182	0.0316124307
954	0.9504226393	0.03160589022
955	0.9504709563	0.03159048524
956	0.9504879779	0.03158505644
957	0.9505096938	0.03157812912
958	0.9505159441	0.03157613499
959	0.9505253412	0.03157313667
960	0.9505509434	0.03156496638
961	0.9505678014	0.0315595854
962	0.9505712095	0.03155849745
963	0.9505986095	0.03154974926
964	0.9506161841	0.03154413684
965	0.9506341158	0.03153840934
966	0.9506537034	0.03153215177
967	0.9506548988	0.03153176981
968	0.9506724849	0.03152615052
969	0.9506735792	0.03152580083
970	0.9506815556	0.03152325177
971	0.9506937564	0.03151935227
972	0.9507001007	0.03151732438
973	0.9507120755	0.03151349644
974	0.9507295841	0.03150789865
975	0.9507465695	0.03150246721
976	0.9507608731	0.03149789256
977	0.950789046	0.0314888803
978	0.950813124	0.03148117587
979	0.9508233653	0.03147789833
980	0.9508293144	0.03147599426
981	0.9508527142	0.03146850384
982	0.9508806574	0.03145955669
983	0.9509020625	0.03145270125
984	0.9509471535	0.03143825505
985	0.9509706613	0.03143072099
986	0.9509819213	0.03142711164
987	0.9509899958	0.0314245231
988	0.9510172892	0.0314157718
989	0.9510531669	0.03140426435
990	0.9510705423	0.03139868984
991	0.9510874576	0.03139326199
992	0.9511061147	0.03138727413
993	0.9511080122	0.03138666506
994	0.9511443713	0.03137499238
995	0.9511581734	0.03137056023
996	0.9511775391	0.03136434042
997	0.9512056316	0.03135531557
998	0.9512291612	0.03134775459
999	0.9512772794	0.03133228662
1000	0.9512876136	0.03132896365
1001	0.9513062345	0.03132297513
1002	0.9513160567	0.03131981584
1003	0.951341851	0.03131151763
1004	0.9513491319	0.03130917491
1005	0.9513633732	0.03130459207
1006	0.9513686499	0.03130289388
1007	0.9513726609	0.03130160295
1008	0.9513817273	0.03129868479
1009	0.9514024994	0.03129199791
1010	0.9514101005	0.03128955065
1011	0.9514140422	0.03128828148
1012	0.9514168848	0.03128736618
1013	0.9514214474	0.03128589698
1014	0.9514368357	0.03128094137
1015	0.9514790356	0.03126734732
1016	0.9514815926	0.03126652344
1017	0.9515143414	0.03125596955
1018	0.9515217038	0.0312535964
1019	0.9515340263	0.03124962404
1020	0.9515390155	0.03124801555
1021	0.9515633711	0.03124016222
1022	0.9515746677	0.03123651903
1023	0.9516331263	0.03121765912
1024	0.951646693	0.03121328059
1025	0.9516546608	0.0312107088
1026	0.9517097912	0.03119290822
1027	0.9517253002	0.03118789883
1028	0.9517619773	0.03117604893
1029	0.9517722263	0.03117273682
1030	0.9517759556	0.03117153155
1031	0.951797909	0.0311644355
1032	0.9518638101	0.03114312446
1033	0.9518825611	0.03113705814
1034	0.9519004661	0.03113126438
1035	0.9519369915	0.03111944203
1036	0.9519477002	0.03111597506
1037	0.9519505728	0.03111504497
1038	0.9519607996	0.03111173353
1039	0.9519806196	0.03110531486
1040	0.9520007865	0.03109878244
1041	0.9520088069	0.03109618413
1042	0.9520189056	0.03109291221
1043	0.9520287389	0.03108972594
1044	0.9520328283	0.03108840075
1045	0.9520344256	0.03108788312
1046	0.952058997	0.03107991938
1047	0.9520597978	0.0310796598
1048	0.9520713686	0.03107590889
1049	0.9520998441	0.03106667609
1050	0.9521159794	0.03106144318
1051	0.9521166318	0.03106123158
1052	0.9521286244	0.03105734163
1053	0.9521336803	0.03105570155
1054	0.9521346468	0.03105538801
1055	0.9521813061	0.03104024787
1056	0.9522817658	0.03100762533
1057	0.9522992818	0.0310019338
1058	0.9523095067	0.03099861091
1059	0.9523303452	0.03099183772
1060	0.9523312344	0.03099154864
1061	0.9523650207	0.03098056373
1062	0.9523673516	0.03097980576
1063	0.9523683955	0.03097946626
1064	0.9523866541	0.03097352804
1065	0.9523877899	0.0309731586
1066	0.9523971782	0.03097010476
1067	0.9524065611	0.03096705238
1068	0.952415807	0.03096404429
1069	0.9524217385	0.03096211433
1070	0.9524343684	0.03095800453
1071	0.9524465908	0.03095402682
1072	0.9524656265	0.03094783072
1073	0.952496657	0.0309377277
1074	0.952503177	0.03093560447
1075	0.9525352716	0.03092515077
1076	0.9525626697	0.03091622401
1077	0.9525889296	0.03090766566
1078	0.9525922481	0.03090658397
1079	0.9526083255	0.03090134285
1080	0.9526288813	0.0308946405
1081	0.9526393205	0.0308912362
1082	0.9526422629	0.03089027658
1083	0.9526468797	0.03088877082
1084	0.95265723	0.03088539486
1085	0.9526731609	0.03088019792
1086	0.9526798999	0.03087799929
1087	0.9526920805	0.03087402492
1088	0.9527044842	0.03086997721
1089	0.952724912	0.03086330984
1090	0.9527514523	0.03085464525
1091	0.9527690572	0.03084889648
1092	0.9528072655	0.03083641608
1093	0.9528528698	0.03082151322
1094	0.9528607944	0.03081892283
1095	0.9528767011	0.03081372261
1096	0.9528838151	0.03081139661
1097	0.9529041847	0.0308047356
1098	0.9529077215	0.03080357888
1099	0.9529244851	0.03079809576
1100	0.9529615437	0.03078597099
1101	0.9530069352	0.03077111339
1102	0.9530121761	0.03076939748
1103	0.9530485849	0.03075747424
1104	0.9530656788	0.03075187469
1105	0.9530900212	0.03074389897
1106	0.9530947342	0.03074235449
1107	0.9531051865	0.03073892901
1108	0.9531170473	0.03073504147
1109	0.9531228809	0.03073312925
1110	0.9531388351	0.03072789896
1111	0.9531440541	0.03072618777
1112	0.9531637864	0.03071971729
1113	0.9531805075	0.03071423314
1114	0.9531903507	0.03071100435
1115	0.9531984459	0.03070834867
1116	0.9532043921	0.03070639782
1117	0.953211926	0.03070392595
1118	0.9532222126	0.03070055053
1119	0.9532445044	0.03069323453
1120	0.953253552	0.0306902647
1121	0.9532965816	0.0306761364
1122	0.9533295146	0.03066531884
1123	0.953338718	0.03066229511
1124	0.9533512611	0.03065817364
1125	0.9533559417	0.03065663551
1126	0.9533675007	0.03065283674
1127	0.9533724826	0.0306511993
1128	0.9533884248	0.03064595897
1129	0.953392778	0.03064452787
1130	0.9534065385	0.03064000372
1131	0.9534207851	0.03063531905
1132	0.9534235201	0.03063441964
1133	0.9534543801	0.03062426928
1134	0.9534622485	0.0306216807
1135	0.9535166266	0.03060378517
1136	0.9535228172	0.03060174721
1137	0.9535289507	0.03059972793
1138	0.9535410724	0.0305957368
1139	0.9535643207	0.03058808068
1140	0.95357104	0.03058586755
1141	0.9535766933	0.03058400539
1142	0.953603272	0.03057524903
1143	0.953610644	0.03057281986
1144	0.9536118234	0.03057243123
1145	0.9536330793	0.03056542601
1146	0.9536385141	0.03056363461
1147	0.9536546729	0.03055830785
1148	0.9536717668	0.0305526718
1149	0.9536853908	0.03054817906
1150	0.953722424	0.03053596344
1151	0.9537292173	0.0305337221
1152	0.9537358114	0.03053154634
1153	0.9537382389	0.03053074533
1154	0.9537463292	0.03052807558
1155	0.9537560542	0.03052486608
1156	0.953762267	0.03052281554
1157	0.9537703008	0.03052016374
1158	0.9537756036	0.03051841329
1159	0.9537898323	0.03051371586
1160	0.9537913035	0.03051323014
1161	0.9538024198	0.03050955966
1162	0.9538407158	0.03049691142
1163	0.9538566354	0.03049165202
1164	0.9538603663	0.0304904193
1165	0.9539105345	0.03047383848
1166	0.9539185533	0.03047118742
1167	0.9539436724	0.03046288133
1168	0.9539535576	0.03045961199
1169	0.9539705652	0.03045398621
1170	0.9540080896	0.03044157023
1171	0.9540171958	0.03043855644
1172	0.9540354154	0.03043252557
1173	0.9540445691	0.03042949513
1174	0.9540748086	0.0304194819
1175	0.9540854861	0.03041594548
1176	0.9541032471	0.03041006205
1177	0.9541125537	0.03040697872
1178	0.9541292817	0.03040143587
1179	0.9541353503	0.03039942479
1180	0.9541392315	0.03039813853
1181	0.9541882221	0.03038189782
1182	0.9542070112	0.03037566683
1183	0.9542089564	0.03037502168
1184	0.9542198461	0.03037140966
1185	0.9542237199	0.03037012466
1186	0.9542379826	0.03036539303
1187	0.9542514921	0.03036091057
1188	0.9542713627	0.03035431632
1189	0.9542737607	0.03035352041
1190	0.954276878	0.03035248577
1191	0.9542913378	0.03034768593
1192	0.9543038751	0.03034352367
1193	0.9543210357	0.03033782557
1194	0.9543213566	0.03033771899
1195	0.9543299575	0.03033486271
1196	0.9543377475	0.03033227547
1197	0.954339829	0.03033158411
1198	0.9543415021	0.03033102838
1199	0.9543504516	0.03032805566
1200	0.9543516432	0.03032765983
1201	0.9543635026	0.03032372004
1202	0.9543786161	0.03031869842
1203	0.9543809771	0.03031791389
1204	0.9543905943	0.03031471798
1205	0.9544053996	0.03030979733
1206	0.9544561069	0.03029293838
1207	0.9544698538	0.03028836626
1208	0.9544731531	0.03028726881
1209	0.9544839697	0.03028367068
1210	0.9544962765	0.03027957629
1211	0.9545263965	0.03026955324
1212	0.9545298036	0.03026841924
1213	0.9545358166	0.03026641781
1214	0.9545780057	0.03025237151
1215	0.9546019993	0.03024438024
1216	0.9546151294	0.03024000623
1217	0.9546226452	0.03023750223
1218	0.9546314084	0.03023458241
1219	0.9546375548	0.03023253427
1220	0.9546588444	0.03022543906
1221	0.9546645389	0.03022354096
1222	0.954670034	0.0302217092
1223	0.9546722992	0.03022095407
1224	0.9546783045	0.03021895207
1225	0.954687022	0.03021604566
1226	0.954779795	0.03018509793
1227	0.9547923303	0.03018091391
1228	0.9547955571	0.03017983677
1229	0.9548304776	0.03016817754
1230	0.9548400872	0.03016496829
1231	0.9548510671	0.030161301
1232	0.9548578654	0.03015903015
1233	0.9548853468	0.03014984871
1234	0.9548932564	0.03014720565
1235	0.9548996503	0.03014506887
1236	0.9549080197	0.03014227169
1237	0.9549470506	0.03012922353
1238	0.9549539063	0.03012693107
1239	0.9549626466	0.03012400814
1240	0.9550235771	0.03010362403
1241	0.9550455986	0.03009625344
1242	0.9550571651	0.03009238139
1243	0.9550665868	0.03008922696
1244	0.9550693917	0.03008828784
1245	0.955083653	0.03008351231
1246	0.9550929519	0.03008039811
1247	0.9551059712	0.0300760374
1248	0.9551131834	0.03007362143
1249	0.955115762	0.03007275762
1250	0.9551360898	0.03006594697
1251	0.955156471	0.03005911688
1252	0.9551773321	0.03005212434
1253	0.9551846049	0.03004968615
1254	0.9551885402	0.03004836678
1255	0.9551908826	0.03004758142
1256	0.9551979286	0.03004521891
1257	0.9551996178	0.03004465249
1258	0.9552028595	0.03004356548
1259	0.955212445	0.030040351
1260	0.9552201667	0.03003776132
1261	0.9552229169	0.03003683888
1262	0.9552300159	0.03003445776
1263	0.9552449963	0.03002943247
1264	0.9552583046	0.03002496738
1265	0.9552678617	0.03002176045
1266	0.955288482	0.03001484004
1267	0.9553074821	0.03000846198
1268	0.9553122659	0.0300068559
1269	0.9553278569	0.03000162095
1270	0.9553498106	0.02999424804
1271	0.9553533953	0.02999304397
1272	0.9553576283	0.02999162208
1273	0.9553738782	0.02998616309
1274	0.9553954229	0.02997892383
1275	0.9554035187	0.0299762031
1276	0.9554182486	0.02997125221
1277	0.9554308875	0.02996700351
1278	0.9554456975	0.0299620242
1279	0.9554676557	0.02995464001
1280	0.9554900249	0.02994711577
1281	0.9555166093	0.02993817119
1282	0.955519557	0.02993717925
1283	0.955554309	0.02992548219
1284	0.9555841926	0.02991542012
1285	0.9555946644	0.02991189337
1286	0.9556082629	0.02990731297
1287	0.9556178297	0.02990409015
1288	0.9556353271	0.02989819483
1289	0.9556388733	0.02989699987
1290	0.9556538632	0.02989194825
1291	0.9556704153	0.02988636918
1292	0.9556860283	0.02988110569
1293	0.9557032901	0.02987528526
1294	0.955735367	0.02986446641
1295	0.9557468809	0.02986058206
1296	0.9557581223	0.02985678913
1297	0.9557914802	0.02984553118
1298	0.9557933238	0.02984490885
1299	0.9558197922	0.02983597283
1300	0.9558422001	0.02982840557
1301	0.9558441086	0.02982776097
1302	0.9558456035	0.02982725606
1303	0.9558665881	0.02982016743
1304	0.9558720814	0.02981831151
1305	0.9558792092	0.02981590319
1306	0.9558885076	0.02981276119
1307	0.9558925313	0.02981140147
1308	0.9558979264	0.02980957818
1309	0.955909459	0.02980568036
1310	0.9559326668	0.02979783497
1311	0.9559366768	0.02979647915
1312	0.9559607275	0.02978834628
1313	0.9559661106	0.02978652566
1314	0.9559720409	0.02978451982
1315	0.9559835461	0.02978062797
1316	0.955990784	0.02977817938
1317	0.9560047427	0.02977345652
1318	0.9560082488	0.02977227016
1319	0.9560217955	0.02976768579
1320	0.9560497038	0.02975823908
1321	0.9560522641	0.02975737232
1322	0.9560644119	0.02975325932
1323	0.9560744014	0.02974987668
1324	0.9560818747	0.02974734582
1325	0.9561052611	0.02973942456
1326	0.9561304804	0.02973088006
1327	0.9561427646	0.02972671722
1328	0.9561451988	0.02972589223
1329	0.9561601997	0.02972080781
1330	0.9561618048	0.02972026372
1331	0.9561659554	0.02971885673
1332	0.9561749256	0.02971581572
1333	0.9562141648	0.02970250957
1334	0.9562390113	0.02969408096
1335	0.9562666709	0.02968469525
1336	0.9562809969	0.02967983286
1337	0.9563041464	0.02967197399
1338	0.9563131667	0.02966891119
1339	0.9563274969	0.02966404475
1340	0.9563435796	0.02965858228
1341	0.9563580174	0.02965367762
1342	0.9563738745	0.02964828987
1343	0.956393912	0.02964148034
1344	0.9563989057	0.02963978303
1345	0.9564031282	0.02963834779
1346	0.9564096888	0.02963611766
1347	0.9564150065	0.02963430994
1348	0.9564253268	0.02963080121
1349	0.9564337622	0.02962793306
1350	0.9564400939	0.02962577997
1351	0.956452829	0.029621449
1352	0.9564673943	0.0296164948
1353	0.9564744081	0.02961410886
1354	0.9564805779	0.02961200986
1355	0.9564951986	0.02960703526
1356	0.9565056241	0.02960348752
1357	0.9565077455	0.02960276557
1358	0.9565109151	0.02960168687
1359	0.9565119202	0.02960134478
1360	0.9565246088	0.02959702608
1361	0.9565323443	0.02959439288
1362	0.9565381658	0.02959241107
1363	0.9565450292	0.02959007438
1364	0.9565523927	0.02958756725
1365	0.9565574549	0.02958584352
1366	0.956575526	0.02957968936
1367	0.9565836779	0.02957691279
1368	0.9565985602	0.02957184316
1369	0.9566181317	0.02956517482
1370	0.9566437773	0.02955643467
1371	0.9566488302	0.02955471232
1372	0.9566588595	0.02955129338
1373	0.9566767203	0.02954520373
1374	0.9566962372	0.02953854801
1375	0.956705551	0.02953537125
1376	0.9567167829	0.02953153982
1377	0.9567557444	0.02951824536
1378	0.9567666693	0.02951451651
1379	0.9567706953	0.02951314223
1380	0.9567727156	0.02951245257
1381	0.9567852397	0.02950817699
1382	0.9567922347	0.02950578872
1383	0.9567930341	0.02950551576
1384	0.9568029485	0.02950213038
1385	0.9568063675	0.02950096282
1386	0.9568113785	0.02949925154
1387	0.9568176641	0.02949710481
1388	0.9568258345	0.02949431414
1389	0.9568346567	0.02949130055
1390	0.9568399129	0.02948950496
1391	0.9568498119	0.02948612298
1392	0.9568593177	0.02948287494
1393	0.9568613461	0.02948218182
1394	0.956864916	0.02948096193
1395	0.9568904046	0.02947225045
1396	0.9569234067	0.0294609672
1397	0.9569266103	0.02945987169
1398	0.9569437775	0.02945400036
1399	0.956960547	0.02944826396
1400	0.956971898	0.02944438045
1401	0.9569825144	0.02944074777
1402	0.9569952384	0.02943639339
1403	0.9569985038	0.02943527579
1404	0.957009129	0.029431639
1405	0.9570133362	0.02943019883
1406	0.9570312253	0.02942407442
1407	0.9570535168	0.02941644109
1408	0.9570586232	0.0294146922
1409	0.9570614019	0.02941374047
1410	0.9570702711	0.02941070254
1411	0.9570795701	0.02940751704
1412	0.957127474	0.02939110145
1413	0.9571375598	0.02938764411
1414	0.957141231	0.02938638554
1415	0.9571471248	0.02938436491
1416	0.9571512707	0.02938294346
1417	0.9571589592	0.02938030719
1418	0.9571653833	0.02937810429
1419	0.9571748618	0.02937485368
1420	0.9571847552	0.02937146045
1421	0.9571945979	0.02936808416
1422	0.9572040159	0.02936485321
1423	0.9572208881	0.02935906414
1424	0.9572336767	0.02935467544
1425	0.957243715	0.0293512301
1426	0.9572680356	0.02934288114
1427	0.9572726643	0.02934129193
1428	0.9572765174	0.02933996889
1429	0.9572823627	0.02933796172
1430	0.9573141273	0.02932705193
1431	0.9573248779	0.02932335864
1432	0.9573519564	0.02931405394
1433	0.9573537818	0.02931342659
1434	0.9573555848	0.0293128069
1435	0.957357975	0.02931198542
1436	0.9573610862	0.02931091609
1437	0.9573659067	0.02930925919
1438	0.9573791357	0.02930471161
1439	0.9573806302	0.02930419784
1440	0.9574074999	0.02929495886
1441	0.9574111555	0.02929370166
1442	0.9574129897	0.02929307087
1443	0.9574304687	0.02928705886
1444	0.9574425654	0.02928289739
1445	0.9574571506	0.02927787908
1446	0.957462684	0.02927597497
1447	0.9574633961	0.02927572993
1448	0.9574677808	0.02927422101
1449	0.9574736102	0.02927221481
1450	0.957484669	0.0292684085
1451	0.9574956406	0.02926463173
1452	0.9575119053	0.02925903198
1453	0.9575285218	0.02925331004
1454	0.9575369972	0.02925039108
1455	0.9576021791	0.02922793235
1456	0.9576241102	0.02922037204
1457	0.9576295397	0.0292185
1458	0.9576318686	0.029217697
1459	0.9576388483	0.02921529025
1460	0.9576611316	0.02920760514
1461	0.957670557	0.0292043539
1462	0.9576891896	0.02919792561
1463	0.957691797	0.02919702593
1464	0.9577044817	0.0291926487
1465	0.9577230847	0.02918622806
1466	0.9577310875	0.02918346552
1467	0.9577396416	0.02918051238
1468	0.957746522	0.02917813686
1469	0.9577506637	0.0291767068
1470	0.9577599979	0.02917348359
1471	0.9577663787	0.02917128005
1472	0.9577727438	0.02916908173
1473	0.9577756951	0.02916806237
1474	0.9577799914	0.02916657842
1475	0.9577852625	0.02916475768
1476	0.9577893934	0.02916333068
1477	0.9578146361	0.02915460928
1478	0.9578242806	0.02915127641
1479	0.9578336871	0.0291480254
1480	0.9578419117	0.02914518259
1481	0.9578604652	0.02913876858
1482	0.9578731867	0.02913436989
1483	0.9578842054	0.02913055945
1484	0.9578919273	0.0291278888
1485	0.9579002598	0.02912500669
1486	0.9579053932	0.02912323095
1487	0.9579155146	0.02911972948
1488	0.957926732	0.02911584839
1489	0.9579407229	0.02911100693
1490	0.957962663	0.02910341311
1491	0.9579660972	0.02910222428
1492	0.9579953653	0.02909209063
1493	0.9580030038	0.02908944534
1494	0.9580097851	0.02908709666
1495	0.9580235039	0.02908234471
1496	0.9580378357	0.02907737957
1497	0.9580463387	0.02907443336
1498	0.9580539066	0.02907181092
1499	0.9580567633	0.02907082094
1500	0.9580751693	0.02906444166
1501	0.958077998	0.02906346114
1502	0.9581065827	0.02905355093
1503	0.9581150664	0.02905060902
1504	0.9581237731	0.02904758944
1505	0.9581322937	0.02904463412
1506	0.9581348403	0.0290437508
1507	0.9581520075	0.02903779536
1508	0.9581612275	0.02903459636
1509	0.9581657787	0.02903301715
1510	0.9581666563	0.02903271261
1511	0.9581679309	0.02903227032
1512	0.9581729374	0.02903053296
1513	0.9581768489	0.02902917552
1514	0.9581881712	0.02902524587
1515	0.9582056839	0.02901916671
1516	0.9582154844	0.0290157641
1517	0.9582235489	0.0290129639
1518	0.9582297561	0.02901080842
1519	0.9582446069	0.02900565078
1520	0.9582534151	0.0290025913
1521	0.9582693262	0.02899706382
1522	0.9582971559	0.0289873933
1523	0.9583149472	0.02898120931
1524	0.9583271874	0.02897695406
1525	0.9583443797	0.02897097616
1526	0.9583543394	0.02896751252
1527	0.9583614193	0.02896505013
1528	0.9583651332	0.02896375834
1529	0.9583806045	0.02895837646
1530	0.9583930164	0.02895405812
1531	0.9583962938	0.02895291772
1532	0.9584063861	0.02894940578
1533	0.9584103902	0.02894801232
1534	0.9584113001	0.02894769566
1535	0.9584220281	0.02894396179
1536	0.9584351138	0.02893940674
1537	0.9584355284	0.02893926239
1538	0.958437506	0.02893857393
1539	0.9584518565	0.02893357762
1540	0.9584541022	0.02893279568
1541	0.9584638795	0.02892939098
1542	0.9584768977	0.02892485711
1543	0.9584834037	0.02892259101
1544	0.9585005997	0.02891660059
1545	0.9585134937	0.02891210798
1546	0.9585162938	0.02891113228
1547	0.9585213785	0.02890936038
1548	0.9585764287	0.02889016984
1549	0.9586016395	0.02888137709
1550	0.9586080766	0.02887913158
1551	0.9586122746	0.02887766706
1552	0.9586209766	0.02887463108
1553	0.9586310987	0.02887109919
1554	0.9586378182	0.02886875437
1555	0.958650878	0.02886419646
1556	0.9586652493	0.02885918002
1557	0.958673482	0.02885630589
1558	0.9587043405	0.02884553038
1559	0.9587060503	0.02884493324
1560	0.9587132322	0.02884242474
1561	0.9587168091	0.02884117533
1562	0.958741803	0.02883244342
1563	0.9587429885	0.02883202918
1564	0.9587496542	0.02882969997
1565	0.9587669511	0.02882365495
1566	0.9587726187	0.02882167395
1567	0.958784843	0.02881740069
1568	0.9587948525	0.02881390118
1569	0.9587991774	0.02881238897
1570	0.9588052757	0.02881025658
1571	0.9588157084	0.02880660822
1572	0.9588166639	0.02880627405
1573	0.9588245724	0.02880350804
1574	0.9588286173	0.02880209324
1575	0.9588371011	0.02879912561
1576	0.9588566868	0.02879227334
1577	0.9588678893	0.02878835329
1578	0.9588716165	0.02878704892
1579	0.9588765433	0.02878532468
1580	0.9588848551	0.02878241549
1581	0.9588853853	0.02878222992
1582	0.9588992859	0.02877736395
1583	0.9589040529	0.02877569506
1584	0.9589102359	0.02877353028
1585	0.9589150447	0.02877184654
1586	0.958927735	0.02876740268
1587	0.9589426434	0.02876218122
1588	0.9589528248	0.02875861475
1589	0.9589569014	0.02875718663
1590	0.9589655441	0.02875415868
1591	0.9589670155	0.02875364318
1592	0.9589708987	0.02875228258
1593	0.9589753259	0.02875073128
1594	0.9589835631	0.02874784475
1595	0.9589955395	0.02874364741
1596	0.9589957947	0.02874355794
1597	0.9590008549	0.02874178433
1598	0.9590083685	0.02873915055
1599	0.9590230308	0.02873401026
1600	0.9590292878	0.02873181637
1601	0.9590320682	0.02873084147
1602	0.9590373875	0.02872897618
1603	0.9590395483	0.02872821844
1604	0.9590464235	0.02872580732
1605	0.9590542225	0.02872307198
1606	0.9590605277	0.02872086039
1607	0.9590664151	0.02871879519
1608	0.9590785109	0.02871455169
1609	0.9590817329	0.02871342121
1610	0.9590828792	0.02871301904
1611	0.9590855299	0.02871208896
1612	0.9590921667	0.02870976014
1613	0.9591035733	0.02870575722
1614	0.9591151523	0.02870169319
1615	0.9591164094	0.02870125194
1616	0.9591191413	0.028700293
1617	0.9591244553	0.02869842761
1618	0.9591397741	0.02869304948
1619	0.95914671	0.02869061411
1620	0.9591495995	0.02868959945
1621	0.9591642568	0.02868445201
1622	0.9591764386	0.02868017325
1623	0.9591840406	0.02867750277
1624	0.9591851213	0.02867712312
1625	0.959196408	0.02867315773
1626	0.959209107	0.02866869551
1627	0.9592259854	0.02866276366
1628	0.9592338985	0.0286599822
1629	0.9592658076	0.02864876339
1630	0.9592840724	0.02864233977
1631	0.9592867794	0.02864138761
1632	0.9592894219	0.02864045811
1633	0.9592978648	0.02863748811
1634	0.9593040173	0.02863532362
1635	0.9593112886	0.02863276531
1636	0.9593152671	0.02863136543
1637	0.9593332872	0.02862502403
1638	0.9593403079	0.02862255302
1639	0.9593549976	0.0286173821
1640	0.9593608636	0.02861531698
1641	0.9593636171	0.02861434752
1642	0.9593791458	0.0286088797
1643	0.959380773	0.02860830668
1644	0.9593916897	0.0286044621
1645	0.9594048455	0.02859982824
1646	0.9594093114	0.02859825505
1647	0.9594235384	0.02859324279
1648	0.9594392274	0.02858771444
1649	0.9594475559	0.02858477926
1650	0.9594539644	0.02858252054
1651	0.9594540573	0.0285824878
1652	0.9594578794	0.02858114059
1653	0.9595042406	0.02856479422
1654	0.9595103574	0.02856263679
1655	0.9595222851	0.02855842941
1656	0.9595262622	0.02855702638
1657	0.9595292754	0.02855596335
1658	0.959539192	0.02855246458
1659	0.9595479687	0.02854936762
1660	0.9595545079	0.02854705998
1661	0.9595601984	0.02854505171
1662	0.9595621607	0.02854435913
1663	0.9595696959	0.02854169953
1664	0.9595710412	0.02854122466
1665	0.9595787095	0.02853851777
1666	0.9595951361	0.02853271838
1667	0.9596118066	0.02852683167
1668	0.9596130916	0.02852637784
1669	0.9596172953	0.0285248932
1670	0.9596216233	0.02852336459
1671	0.959649146	0.0285136419
1672	0.9596627419	0.02850883777
1673	0.9596740609	0.02850483758
1674	0.9596767459	0.02850388861
1675	0.95968239	0.02850189366
1676	0.9597009962	0.02849531624
1677	0.9597046177	0.0284940358
1678	0.9597100276	0.02849212302
1679	0.95972638	0.02848634039
1680	0.9597340351	0.02848363297
1681	0.9597419053	0.02848084921
1682	0.9597481155	0.02847865239
1683	0.959751303	0.02847752476
1684	0.9597558844	0.02847590396
1685	0.9597742532	0.02846940453
1686	0.9598056432	0.02845829438
1687	0.9598165742	0.02845442443
1688	0.9598296223	0.0284498043
1689	0.9598416502	0.02844554474
1690	0.9598442893	0.02844461003
1691	0.9598475601	0.02844345157
1692	0.9598542428	0.02844108448
1693	0.9598706439	0.02843527425
1694	0.9598810095	0.02843160152
1695	0.9598975131	0.02842575303
1696	0.9599046213	0.02842323368
1697	0.9599067934	0.02842246378
1698	0.9599143726	0.02841977718
1699	0.9599208921	0.028417466
1700	0.9599230252	0.02841670976
1701	0.9599375338	0.02841156562
1702	0.9599508414	0.02840684646
1703	0.9599568626	0.02840471096
1704	0.9599584192	0.02840415885
1705	0.9599649769	0.02840183285
1706	0.9599694979	0.02840022916
1707	0.9599778459	0.02839726771
1708	0.9599827315	0.02839553439
1709	0.9599894312	0.02839315731
1710	0.9600379982	0.02837591949
1711	0.9600404388	0.02837505296
1712	0.9600534911	0.02837041841
1713	0.9600653434	0.02836620929
1714	0.9600815603	0.02836044913
1715	0.9600851369	0.02835917859
1716	0.9600856675	0.02835899011
1717	0.9600862169	0.02835879492
1718	0.9600986612	0.02835437376
1719	0.9601088124	0.02835076672
1720	0.960115157	0.02834851208
1721	0.9601215385	0.02834624414
1722	0.9601296411	0.02834336426
1723	0.960142362	0.02833884232
1724	0.9601524671	0.02833524974
1725	0.960156396	0.0283338528
1726	0.9601584269	0.02833313068
1727	0.9601621908	0.0283317923
1728	0.9601670856	0.02833005172
1729	0.9601688324	0.02832943053
1730	0.9601761828	0.02832681646
1731	0.9601802412	0.02832537304
1732	0.9601839767	0.02832404441
1733	0.9601914581	0.02832138324
1734	0.960212198	0.02831400469
1735	0.9602206211	0.0283110075
1736	0.9602286393	0.02830815407
1737	0.9602299172	0.02830769926
1738	0.960245584	0.02830212303
1739	0.9602517107	0.0282999421
1740	0.9602558618	0.0282984643
1741	0.9602845967	0.0282882326
1742	0.9602910968	0.02828591759
1743	0.960300833	0.02828244966
1744	0.9603067688	0.0282803352
1745	0.9603115159	0.02827864406
1746	0.9603658728	0.02825927235
1747	0.9603674424	0.02825871281
1748	0.9603714644	0.02825727889
1749	0.960380922	0.02825390677
1750	0.9604061633	0.02824490506
1751	0.9604145195	0.02824192438
1752	0.9604272803	0.02823737201
1753	0.9604414133	0.02823232919
1754	0.9604489473	0.02822964063
1755	0.9604571887	0.02822669932
1756	0.9604666011	0.02822333971
1757	0.9604713662	0.02822163873
1758	0.960477798	0.02821934262
1759	0.9604941896	0.02821349011
1760	0.9605030274	0.02821033414
1761	0.9605318065	0.02820005464
1762	0.9605330595	0.028199607
1763	0.9605399845	0.02819713292
1764	0.9605500444	0.0281935384
1765	0.9605608901	0.0281896626
1766	0.960571295	0.02818594384
1767	0.960581745	0.02818220847
1768	0.9605927546	0.0281782725
1769	0.9605962856	0.02817701004
1770	0.9606004504	0.02817552092
1771	0.9606043434	0.02817412892
1772	0.9606083428	0.02817269878
1773	0.9606239145	0.02816712982
1774	0.9606340871	0.02816349115
1775	0.9606350031	0.02816316352
1776	0.9606705888	0.02815043095
1777	0.9606837816	0.02814570911
1778	0.9606999686	0.02813991455
1779	0.9607160101	0.02813417087
1780	0.9607249161	0.02813098159
1781	0.9607572383	0.02811940374
1782	0.9607620406	0.02811768312
1783	0.9607638185	0.0281170461
1784	0.9607690196	0.02811518247
1785	0.9607813173	0.0281107755
1786	0.9607882157	0.02810830311
1787	0.9608090721	0.02810082685
1788	0.96080969	0.02810060532
1789	0.9608225712	0.02809598685
1790	0.9608373157	0.02809069936
1791	0.9608469771	0.02808723414
1792	0.9608527846	0.02808515101
1793	0.9608618541	0.02808189749
1794	0.960864795	0.02808084241
1795	0.9608751198	0.02807713796
1796	0.9608787472	0.02807583636
1797	0.9608826799	0.02807442515
1798	0.9608877545	0.0280726041
1799	0.9609003361	0.02806808855
1800	0.9609060762	0.02806602817
1801	0.9609125867	0.02806369109
1802	0.9609318351	0.02805678032
1803	0.9609368614	0.02805497544
1804	0.9609407606	0.02805357522
1805	0.9609412714	0.02805339178
1806	0.9609488884	0.02805065624
1807	0.9609542188	0.02804874175
1808	0.9609739193	0.02804166487
1809	0.9609850205	0.02803767629
1810	0.9610074819	0.02802960432
1811	0.9610284043	0.02802208331
1812	0.9610346783	0.02801982761
1813	0.9610403318	0.02801779483
1814	0.9610467309	0.02801549378
1815	0.9610502058	0.02801424416
1816	0.9610674161	0.02800805429
1817	0.9610694928	0.02800730729
1818	0.9610745997	0.02800547025
1819	0.9610786444	0.02800401518
1820	0.9610791958	0.02800381682
1821	0.9610793872	0.02800374798
1822	0.9611049889	0.02799453613
1823	0.9611114352	0.02799221616
1824	0.9611218108	0.02798848173
1825	0.9611287739	0.02798597523
1826	0.9611434679	0.02798068516
1827	0.9611437664	0.02798057767
1828	0.9611509568	0.02797798861
1829	0.9611579298	0.02797547762
1830	0.9611734785	0.02796987769
1831	0.9611777709	0.02796833159
1832	0.9611846351	0.02796585892
1833	0.9611935872	0.02796263381
1834	0.9611944729	0.02796231469
1835	0.9612093582	0.02795695119
1836	0.9612118385	0.0279560574
1837	0.9612137966	0.02795535174
1838	0.9612234401	0.02795187623
1839	0.9612325506	0.02794859239
1840	0.9612327829	0.02794850866
1841	0.961240127	0.02794586125
1842	0.9612441012	0.0279444285
1843	0.9612533631	0.02794108921
1844	0.9612622324	0.02793789113
1845	0.961265229	0.02793681051
1846	0.9612686703	0.02793556949
1847	0.9612791513	0.02793178943
1848	0.9612916455	0.02792728266
1849	0.9612962845	0.02792560912
1850	0.9613033718	0.0279230522
1851	0.9613092097	0.02792094581
1852	0.9613153307	0.02791873714
1853	0.9613290219	0.02791379623
1854	0.9613373771	0.02791078059
1855	0.9613411807	0.02790940763
1856	0.9613437231	0.02790848988
1857	0.9613482125	0.02790686923
1858	0.9613672703	0.02789998844
1859	0.9613688143	0.0278994309
1860	0.9613734128	0.02789777035
1861	0.9613826842	0.02789442205
1862	0.9613856656	0.02789334525
1863	0.9613883312	0.02789238246
1864	0.9613921538	0.02789100176
1865	0.9614086269	0.02788505088
1866	0.9614113687	0.0278840603
1867	0.9614234634	0.02787969014
1868	0.9614256966	0.02787888316
1869	0.961437776	0.02787451772
1870	0.9614432885	0.02787252531
1871	0.9614584273	0.0278670529
1872	0.961473791	0.02786149807
1873	0.961485225	0.0278573633
1874	0.9615052072	0.02785013592
1875	0.9615163051	0.02784612108
1876	0.9615209195	0.02784445157
1877	0.9615213443	0.02784429788
1878	0.9615219747	0.0278440698
1879	0.9615322249	0.02784036084
1880	0.9615353704	0.02783922256
1881	0.9615373254	0.02783851509
1882	0.9615389754	0.02783791794
1883	0.9615474608	0.02783484693
1884	0.9615518858	0.0278332453
1885	0.9615630084	0.0278292191
1886	0.9615675294	0.0278275824
1887	0.961583005	0.02782197916
1888	0.9615913914	0.02781894225
1889	0.9615950439	0.0278176195
1890	0.9615987944	0.02781626118
1891	0.9616062147	0.02781357354
1892	0.9616551594	0.02779583942
1893	0.9616727548	0.02778946131
1894	0.9616753419	0.02778852341
1895	0.9616875188	0.02778410841
1896	0.9616928972	0.02778215815
1897	0.9616964043	0.02778088636
1898	0.9617054539	0.02777760442
1899	0.9617178185	0.02777311962
1900	0.9617279238	0.02776945374
1901	0.9617413553	0.02776458051
1902	0.9617502784	0.02776134253
1903	0.9617596564	0.02775793911
1904	0.9617600027	0.02775781342
1905	0.9617621311	0.02775704091
1906	0.961767724	0.02775501087
1907	0.9617702842	0.02775408158
1908	0.9617734104	0.02775294676
1909	0.9617738642	0.02775278202
1910	0.9617864793	0.02774820229
1911	0.9617907734	0.02774664317
1912	0.9617920034	0.02774619657
1913	0.9617965707	0.02774453816
1914	0.9618013252	0.02774281167
1915	0.9618121925	0.02773886506
1916	0.9618138413	0.02773826622
1917	0.9618222271	0.02773522038
1918	0.96182361	0.02773471802
1919	0.9618268519	0.02773354042
1920	0.9618339161	0.02773097414
1921	0.9618369773	0.02772986202
1922	0.9618466169	0.02772635964
1923	0.9618468405	0.02772627839
1924	0.9618507248	0.02772486697
1925	0.9618656624	0.02771943851
1926	0.9618679061	0.02771862306
1927	0.9618835288	0.02771294431
1928	0.9618872405	0.02771159498
1929	0.9618919182	0.02770989436
1930	0.9619018105	0.02770629758
1931	0.9619040513	0.02770548278
1932	0.9619216999	0.0276990645
1933	0.9619234216	0.02769843832
1934	0.9619304522	0.02769588102
1935	0.9619378142	0.02769320292
1936	0.9619477377	0.02768959262
1937	0.9619572416	0.02768613457
1938	0.9619762188	0.02767922825
1939	0.9619802822	0.02767774924
1940	0.9619977681	0.02767138377
1941	0.9620019775	0.0276698512
1942	0.9620036293	0.02766924978
1943	0.962008635	0.02766742712
1944	0.9620122492	0.02766611106
1945	0.9620212552	0.02766283136
1946	0.9620256727	0.02766122253
1947	0.9620310336	0.02765926998
1948	0.9620393305	0.02765624777
1949	0.9620437485	0.02765463836
1950	0.9620499617	0.02765237483
1951	0.9620527047	0.02765137546
1952	0.9620530972	0.02765123244
1953	0.962064135	0.02764721065
1954	0.9620647092	0.02764700139
1955	0.9620669594	0.02764618143
1956	0.962073249	0.02764388933
1957	0.9620766944	0.02764263369
1958	0.9620957813	0.0276356765
1959	0.9620997561	0.02763422747
1960	0.9621052902	0.02763220985
1961	0.9621054429	0.02763215416
1962	0.9621117445	0.02762985655
1963	0.962112006	0.0276297612
1964	0.962116448	0.02762814149
1965	0.9621179792	0.02762758316
1966	0.9621311512	0.02762277953
1967	0.9621410518	0.02761916838
1968	0.9621544375	0.02761428534
1969	0.9621601493	0.02761220143
1970	0.9621717946	0.02760795222
1971	0.9621762573	0.0276063237
1972	0.9621769146	0.02760608382
1973	0.962186937	0.02760242604
1974	0.9621996346	0.02759779121
1975	0.9622112634	0.02759354583
1976	0.9622140784	0.02759251804
1977	0.9622169003	0.02759148769
1978	0.9622196856	0.02759047069
1979	0.96222748	0.02758762446
1980	0.9622330787	0.02758557985
1981	0.962236286	0.02758440849
1982	0.9622404627	0.02758288303
1983	0.9622497916	0.02757947548
1984	0.9622923885	0.02756391092
1985	0.9623005893	0.0275609134
1986	0.9623080768	0.02755817633
1987	0.9623134243	0.02755622137
1988	0.9623193934	0.02755403899
1989	0.9623231205	0.02755267622
1990	0.9623337399	0.02754879303
1991	0.9623358881	0.02754800741
1992	0.9623376033	0.02754738016
1993	0.9623392304	0.02754678512
1994	0.9623431757	0.02754534216
1995	0.9623455346	0.02754447943
1996	0.9623527975	0.02754182287
1997	0.9623568875	0.02754032673
1998	0.9623743041	0.02753395486
1999	0.9623767547	0.02753305821
2000	0.9623849871	0.02753004577
2001	0.9623879508	0.02752896118
2002	0.9623908467	0.02752790137
2003	0.9623981072	0.02752524411
2004	0.9624002464	0.02752446113
2005	0.9624016098	0.02752396208
2006	0.9624074137	0.02752183762
2007	0.9624120707	0.02752013288
2008	0.9624188418	0.02751765402
2009	0.9624227442	0.02751622528
2010	0.9624429277	0.02750883453
2011	0.9624455641	0.02750786899
2012	0.9624585049	0.02750312915
2013	0.9624590152	0.0275029422
2014	0.9624669043	0.02750005225
2015	0.9624719177	0.02749821554
2016	0.9624748867	0.02749712779
2017	0.962479253	0.027495528
2018	0.9625010542	0.02748753876
2019	0.9625084106	0.02748484244
2020	0.9625221139	0.0274798191
2021	0.9625275256	0.02747783499
2022	0.9625282378	0.0274775739
2023	0.96253763	0.02747413008
2024	0.9625408637	0.02747294428
2025	0.9625427012	0.02747227047
2026	0.9625462589	0.02747096575
2027	0.9625565212	0.02746720199
2028	0.9625619039	0.02746522763
2029	0.9625676096	0.02746313466
2030	0.9625715062	0.0274617052
2031	0.9625760445	0.02746004025
2032	0.9625836083	0.02745726515
2033	0.9625892613	0.02745519087
2034	0.9626006508	0.02745101126
2035	0.9626074563	0.02744851355
2036	0.9626217517	0.02744326616
2037	0.9626330046	0.0274391349
2038	0.9626451358	0.02743468047
2039	0.962650202	0.02743282003
2040	0.9626540427	0.02743140955
2041	0.9626630271	0.02742810971
2042	0.9626642099	0.02742767527
2043	0.9626718994	0.02742485066
2044	0.9626768154	0.02742304474
2045	0.9626831185	0.02742072905
2046	0.96268386	0.02742045663
2047	0.9626886524	0.02741869581
2048	0.9626896223	0.02741833944
2049	0.9627033792	0.02741328418
2050	0.962706883	0.02741199648
2051	0.9627086233	0.0274113569
2052	0.9627128351	0.02740980888
2053	0.9627139538	0.0274093977
2054	0.9627265696	0.02740476031
2055	0.9627452958	0.02739787535
2056	0.9627473494	0.02739712022
2057	0.9627491508	0.02739645779
2058	0.9627557437	0.02739403328
2059	0.9627577894	0.02739328094
2060	0.9627596782	0.02739258627
2061	0.9627640222	0.02739098857
2062	0.9627815857	0.02738452794
2063	0.9627974699	0.02737868367
2064	0.9628048804	0.02737595672
2065	0.9628087997	0.02737451435
2066	0.9628116407	0.02737346878
2067	0.9628433572	0.02736179341
2068	0.9628491853	0.02735964744
2069	0.9628508891	0.02735902006
2070	0.9628680828	0.02735268806
2071	0.9628714045	0.02735146457
2072	0.9628756854	0.02734988774
2073	0.9628816648	0.0273476851
2074	0.9629039133	0.02733948783
2075	0.9629047595	0.02733917602
2076	0.9629058392	0.02733877815
2077	0.9629097093	0.02733735198
2078	0.9629199202	0.02733358876
2079	0.9629294702	0.02733006863
2080	0.9629409523	0.02732583572
2081	0.9629540674	0.02732100004
2082	0.9629541234	0.02732097938
2083	0.962957283	0.02731981427
2084	0.9629613345	0.02731832018
2085	0.9629694736	0.02731531848
2086	0.9629770918	0.02731250858
2087	0.9629813096	0.02731095275
2088	0.9629830977	0.02731029315
2089	0.962984554	0.02730975594
2090	0.9629929957	0.02730664163
2091	0.962996689	0.02730527901
2092	0.9630026389	0.02730308366
2093	0.9630105652	0.02730015881
2094	0.9630176926	0.02729752848
2095	0.9630443562	0.02728768619
2096	0.9630462387	0.02728699116
2097	0.9630525746	0.02728465182
2098	0.9630548434	0.02728381407
2099	0.9630618916	0.02728121145
2100	0.9630702933	0.02727810865
2101	0.9630792673	0.02727479413
2102	0.9630838399	0.02727310509
2103	0.9630881509	0.02727151261
2104	0.9630911687	0.02727039777
2105	0.963092906	0.02726975593
2106	0.9631106163	0.0272632123
2107	0.963114081	0.02726193199
2108	0.9631170968	0.02726081749
2109	0.9631255624	0.02725768875
2110	0.9631323914	0.02725516464
2111	0.963148311	0.02724927954
2112	0.9631489489	0.02724904371
2113	0.9631618628	0.02724426877
2114	0.9631652914	0.02724300092
2115	0.9631699195	0.02724128937
2116	0.9631743957	0.02723963394
2117	0.9631834753	0.02723627566
2118	0.9631960582	0.02723162093
2119	0.9632016408	0.02722955556
2120	0.9632034213	0.0272288968
2121	0.9632085639	0.02722699402
2122	0.9632128688	0.02722540107
2123	0.9632171133	0.02722383041
2124	0.9632295883	0.02721921348
2125	0.9632399877	0.02721536416
2126	0.9632510942	0.02721125249
2127	0.9632536266	0.02721031488
2128	0.963257939	0.02720871821
2129	0.9632675419	0.02720516232
2130	0.9632690531	0.02720460271
2131	0.9632700456	0.02720423515
2132	0.9632726732	0.02720326207
2133	0.9632853925	0.02719855118
2134	0.9632887212	0.02719731818
2135	0.9632928247	0.02719579813
2136	0.9632953564	0.02719486025
2137	0.9633024359	0.0271922375
2138	0.963308467	0.02719000293
2139	0.9633113974	0.02718891713
2140	0.9633297033	0.0271821333
2141	0.9633338423	0.02718059922
2142	0.9633450187	0.02717645635
2143	0.9633494677	0.02717480704
2144	0.963358008	0.02717164074
2145	0.9633624563	0.02716999137
2146	0.9633819263	0.02716277104
2147	0.9633882425	0.02716042831
2148	0.9633903286	0.02715965449
2149	0.9633913325	0.02715928214
2150	0.9634170129	0.02714975456
2151	0.9634264616	0.0271462482
2152	0.9634279613	0.02714569161
2153	0.9634280152	0.0271456716
2154	0.9634398564	0.02714127666
2155	0.9634521105	0.02713672773
2156	0.96345505	0.02713563644
2157	0.9634628588	0.02713273716
2158	0.9634665214	0.02713137716
2159	0.963467468	0.02713102566
2160	0.9634747668	0.02712831532
2161	0.9634819406	0.02712565109
2162	0.9634959584	0.02712044435
2163	0.9635312184	0.02710734309
2164	0.963537637	0.0271049575
2165	0.9635383676	0.02710468594
2166	0.9635435981	0.02710274176
2167	0.9635488112	0.02710080393
2168	0.9635565943	0.02709791048
2169	0.963573805	0.02709151112
2170	0.9635756515	0.02709082445
2171	0.9635821582	0.02708840462
2172	0.9635863349	0.02708685122
2173	0.9635880076	0.02708622909
2174	0.9635942461	0.02708390866
2175	0.9635960519	0.02708323693
2176	0.9636019231	0.02708105284
2177	0.963608268	0.02707869237
2178	0.9636160804	0.02707578564
2179	0.9636191481	0.0270746442
2180	0.9636283674	0.02707121347
2181	0.9636291675	0.02707091569
2182	0.9636481898	0.0270638356
2183	0.9636533982	0.02706189671
2184	0.9636590599	0.02705978894
2185	0.9636676325	0.02705659711
2186	0.9636752324	0.02705376715
2187	0.9636781672	0.02705267424
2188	0.9636900886	0.02704823433
2189	0.9637060155	0.0270423015
2190	0.9637204098	0.02703693842
2191	0.9637303478	0.02703323508
2192	0.963747858	0.02702670877
2193	0.9637580114	0.02702292371
2194	0.9637646835	0.02702043616
2195	0.9637682487	0.02701910686
2196	0.9637750377	0.02701657538
2197	0.9637755202	0.02701639546
2198	0.9637760276	0.02701620622
2199	0.9637831899	0.02701353523
2200	0.9637985987	0.02700778805
2201	0.9638050145	0.02700539471
2202	0.9638124138	0.02700263423
2203	0.9638307076	0.02699580809
2204	0.9638370173	0.02699345328
2205	0.9638410964	0.02699193084
2206	0.9638509846	0.02698823991
2207	0.9638576339	0.02698575768
2208	0.9638668645	0.02698231142
2209	0.9638764363	0.02697873731
2210	0.963878456	0.02697798312
2211	0.9638993304	0.02697018679
2212	0.9639043732	0.02696830302
2213	0.9639059356	0.02696771937
2214	0.9639092779	0.02696647074
2215	0.9639095654	0.02696636334
2216	0.9639182049	0.02696313545
2217	0.9639223181	0.02696159858
2218	0.9639281067	0.02695943552
2219	0.9639304212	0.0269585706
2220	0.9639308311	0.02695841742
2221	0.9639363303	0.02695636225
2222	0.9639381041	0.02695569933
2223	0.963939901	0.02695502773
2224	0.963950015	0.02695124736
2225	0.9639507812	0.02695096094
2226	0.9639514632	0.02695070599
2227	0.9639524342	0.02695034303
2228	0.9639588691	0.02694793746
2229	0.9639653606	0.02694551049
2230	0.9639734398	0.02694248964
2231	0.9639760267	0.02694152232
2232	0.9639805454	0.02693983257
2233	0.9639870746	0.02693739076
2234	0.9639937508	0.02693489378
2235	0.9639955842	0.02693420803
2236	0.9639999531	0.02693257383
2237	0.9640041296	0.02693101152
2238	0.9640079523	0.02692958146
2239	0.9640094933	0.02692900494
2240	0.9640175116	0.02692600503
2241	0.9640269782	0.02692246283
2242	0.9640303803	0.02692118973
2243	0.9640336893	0.02691995142
2244	0.9640382517	0.02691824392
2245	0.9640488236	0.02691428698
2246	0.9640543453	0.02691222001
2247	0.9640589053	0.02691051294
2248	0.9640677484	0.02690720217
2249	0.964069328	0.02690661071
2250	0.964079557	0.02690278047
2251	0.9640846799	0.026900862
2252	0.9640927796	0.02689782846
2253	0.9641005627	0.02689491315
2254	0.9641035353	0.02689379966
2255	0.9641044744	0.02689344783
2256	0.9641073707	0.02689236284
2257	0.9641121825	0.02689056019
2258	0.9641165656	0.02688891803
2259	0.9641180899	0.0268883469
2260	0.9641430358	0.02687899857
2261	0.9641462355	0.02687779927
2262	0.9641488537	0.02687681791
2263	0.9641535545	0.02687505581
2264	0.964155388	0.02687436846
2265	0.9641626364	0.02687165111
2266	0.9641678825	0.02686968423
2267	0.9641806645	0.02686489133
2268	0.9641818766	0.02686443679
2269	0.9641839135	0.02686367291
2270	0.9641854745	0.02686308748
2271	0.9641936193	0.02686003275
2272	0.9642008668	0.02685731427
2273	0.9642131326	0.02685271286
2274	0.9642179289	0.02685091332
2275	0.9642232313	0.02684892381
2276	0.964229521	0.02684656362
2277	0.964233063	0.02684523439
2278	0.9642552064	0.02683692316
2279	0.9642576238	0.02683601565
2280	0.9642677254	0.02683222314
2281	0.9642677849	0.02683220081
2282	0.9642720861	0.02683058581
2283	0.964279671	0.02682773765
2284	0.9642855787	0.02682551908
2285	0.9642890257	0.02682422451
2286	0.9642910005	0.0268234828
2287	0.9642922791	0.02682300258
2288	0.9643001022	0.02682006415
2289	0.9643046314	0.02681836275
2290	0.9643103786	0.02681620373
2291	0.9643195793	0.0268127469
2292	0.9643236116	0.02681123181
2293	0.9643469949	0.02680244395
2294	0.9643480362	0.02680205252
2295	0.9643505623	0.02680110298
2296	0.9643526854	0.02680030492
2297	0.9643544814	0.02679962977
2298	0.9643612015	0.02679710345
2299	0.9643631395	0.02679637483
2300	0.9643641011	0.02679601331
2301	0.9643670647	0.02679489905
2302	0.9643710866	0.02679338683
2303	0.9643747015	0.02679202759
2304	0.9643805177	0.02678984047
2305	0.9643865931	0.02678755568
2306	0.9643887891	0.02678672976
2307	0.9643926552	0.0267852757
2308	0.964394549	0.02678456336
2309	0.9643978783	0.0267833111
2310	0.9643994898	0.02678270495
2311	0.9644030546	0.02678136397
2312	0.9644185563	0.026775532
2313	0.9644199393	0.02677501162
2314	0.9644253382	0.02677298015
2315	0.9644415992	0.02676686054
2316	0.9644435349	0.02676613195
2317	0.9644460751	0.02676517585
2318	0.9644508403	0.02676338216
2319	0.9644563376	0.02676131273
2320	0.9644597649	0.02676002246
2321	0.9644620314	0.0267591692
2322	0.9644736016	0.02675481281
2323	0.9644758182	0.02675397814
2324	0.964482165	0.02675158806
2325	0.9644829796	0.0267512813
2326	0.9644839733	0.02675090708
2327	0.964485202	0.02675044432
2328	0.9644925336	0.02674768304
2329	0.9644936835	0.02674724993
2330	0.9644955636	0.02674654175
2331	0.9645016821	0.02674423705
2332	0.9645083258	0.02674173424
2333	0.9645208401	0.0267370193
2334	0.9645243963	0.02673567929
2335	0.9645292843	0.02673383735
2336	0.9645300506	0.02673354857
2337	0.9645360492	0.0267312879
2338	0.9645372451	0.02673083719
2339	0.9645385268	0.02673035415
2340	0.9645459443	0.0267275584
2341	0.9645462901	0.02672742806
2342	0.9645523888	0.02672512912
2343	0.9645543878	0.02672437557
2344	0.9645649395	0.02672039754
2345	0.9645754653	0.02671642867
2346	0.9645779662	0.02671548559
2347	0.9645840273	0.02671319981
2348	0.9645878402	0.02671176179
2349	0.9645921202	0.02671014753
2350	0.9645971363	0.0267082555
2351	0.9646006098	0.02670694525
2352	0.9646061198	0.02670486667
2353	0.9646113186	0.02670290535
2354	0.9646269753	0.0266969977
2355	0.9646315998	0.02669525253
2356	0.9646403089	0.02669196562
2357	0.9646523494	0.02668742074
2358	0.9646544027	0.0266866456
2359	0.9646564511	0.02668587231
2360	0.9646613571	0.02668402011
2361	0.9646672259	0.02668180429
2362	0.9646744155	0.0266790895
2363	0.9646768559	0.02667816793
2364	0.9646771328	0.02667806339
2365	0.9646810685	0.02667657709
2366	0.9646866222	0.02667447964
2367	0.9646897286	0.02667330638
2368	0.9646951582	0.02667125554
2369	0.9646954118	0.02667115974
2370	0.9647002305	0.02666933954
2371	0.9647108472	0.02666532871
2372	0.9647122718	0.02666479048
2373	0.9647154506	0.02666358943
2374	0.964718552	0.0266624176
2375	0.9647260113	0.02665959892
2376	0.9647281233	0.02665880079
2377	0.9647312152	0.02665763234
2378	0.9647350375	0.02665618778
2379	0.9647407624	0.026654024
2380	0.9647417374	0.02665365548
2381	0.9647489343	0.02665093507
2382	0.9647525629	0.02664956336
2383	0.9647541798	0.02664895211
2384	0.9647600018	0.02664675104
2385	0.9647714629	0.02664241753
2386	0.964782444	0.02663826484
2387	0.9647906185	0.02663517312
2388	0.9648064751	0.02662917482
2389	0.9648175905	0.02662496929
2390	0.9648258886	0.02662182923
2391	0.9648328395	0.02661919868
2392	0.9648353884	0.02661823398
2393	0.9648384662	0.02661706906
2394	0.9648424399	0.02661556499
2395	0.9648448555	0.02661465061
2396	0.9648523362	0.02661181879
2397	0.9648573429	0.02660992333
2398	0.9648592118	0.02660921576
2399	0.9648629315	0.02660780741
2400	0.9648665894	0.02660642238
2401	0.964871792	0.02660445234
2402	0.9648722009	0.02660429752
2403	0.9648807513	0.02660105946
2404	0.9649013204	0.02659326829
2405	0.9649024792	0.02659282929
2406	0.964910507	0.02658978784
2407	0.9649207485	0.02658590722
2408	0.9649249208	0.02658432613
2409	0.9649270209	0.02658353025
2410	0.9649293418	0.02658265067
2411	0.9649326535	0.02658139554
2412	0.9649342801	0.02658077905
2413	0.9649410053	0.02657822998
2414	0.9649435163	0.02657727818
2415	0.9649531582	0.02657362303
2416	0.9649618975	0.02657030959
2417	0.9649696725	0.02656736144
2418	0.9649730965	0.02656606302
2419	0.9649775278	0.02656438253
2420	0.9649810855	0.02656303324
2421	0.964988681	0.02656015237
2422	0.9649917251	0.02655899768
2423	0.964996968	0.02655700883
2424	0.9649983924	0.0265564685
2425	0.9649997677	0.02655594675
2426	0.9650074041	0.0265530496
2427	0.965013032	0.02655091422
2428	0.9650158456	0.02654984661
2429	0.9650283915	0.02654508558
2430	0.9650310196	0.02654408811
2431	0.9650317367	0.02654381597
2432	0.9650361346	0.02654214672
2433	0.9650397596	0.02654077076
2434	0.9650399331	0.02654070488
2435	0.9650417532	0.026540014
2436	0.9650441772	0.02653909385
2437	0.9650488552	0.02653731798
2438	0.9650520319	0.02653611197
2439	0.9650552543	0.02653488856
2440	0.9650576779	0.02653396837
2441	0.965063879	0.0265316138
2442	0.9650716688	0.02652865575
2443	0.9650743383	0.02652764194
2444	0.9650755946	0.02652716483
2445	0.9650846945	0.02652370867
2446	0.9650880508	0.02652243379
2447	0.9651001526	0.02651783657
2448	0.9651026143	0.02651690132
2449	0.965104323	0.02651625215
2450	0.9651142082	0.02651249611
2451	0.9651165272	0.0265116149
2452	0.9651256577	0.02650814508
2453	0.965132403	0.02650558136
2454	0.9651385466	0.02650324615
2455	0.9651450057	0.02650079081
2456	0.9651531688	0.02649768735
2457	0.9651555123	0.02649679635
2458	0.9651665192	0.02649261101
2459	0.9651718993	0.026490565
2460	0.9651756676	0.02648913189
2461	0.9651831445	0.02648628806
2462	0.9651890256	0.026484051
2463	0.9652024154	0.02647895706
2464	0.965205413	0.02647781654
2465	0.9652060342	0.02647758018
2466	0.9652121944	0.02647523617
2467	0.9652122666	0.02647520871
2468	0.9652156356	0.02647392669
2469	0.9652194593	0.02647247154
2470	0.9652398452	0.02646471226
2471	0.9652437492	0.02646322606
2472	0.9652481368	0.02646155568
2473	0.9652541807	0.02645925453
2474	0.965262485	0.02645609243
2475	0.9652650288	0.02645512374
2476	0.9652733161	0.02645196765
2477	0.9652778062	0.02645025749
2478	0.9652804254	0.02644925983
2479	0.9652828817	0.02644832422
2480	0.9652849332	0.02644754278
2481	0.9652881211	0.0264463284
2482	0.9652894959	0.0264458047
2483	0.9652931432	0.02644441522
2484	0.9652963694	0.02644318611
2485	0.9653004081	0.02644164738
2486	0.9653029196	0.02644069046
2487	0.9653107595	0.0264377031
2488	0.9653191371	0.0264345105
2489	0.965329417	0.02643059245
2490	0.9653355819	0.02642824249
2491	0.9653389018	0.0264269769
2492	0.9653409352	0.0264262017
2493	0.9653450956	0.0264246156
2494	0.9653491634	0.02642306469
2495	0.9653580044	0.02641969359
2496	0.9653640025	0.02641740628
2497	0.9653724921	0.0264141685
2498	0.9653775662	0.02641223318
2499	0.9653885901	0.02640802797
2500	0.9653960293	0.02640518978
2501	0.9653971141	0.02640477591
2502	0.9654006194	0.02640343846
2503	0.9654087842	0.0264003229
2504	0.9654132338	0.02639862487
2505	0.9654176667	0.02639693312
2506	0.9654230172	0.02639489099
2507	0.965426274	0.0263936479
2508	0.965433939	0.026390722
2509	0.965436031	0.02638992337
2510	0.9654391562	0.02638873028
2511	0.9654411591	0.02638796562
2512	0.9654477687	0.02638544208
2513	0.9654523248	0.0263837024
2514	0.965455807	0.02638237271
2515	0.965457829	0.02638160056
2516	0.9654603675	0.02638063118
2517	0.9654684264	0.02637755336
2518	0.9654914533	0.02636875714
2519	0.9654971313	0.02636658773
2520	0.9655110539	0.02636126747
2521	0.9655159768	0.026359386
2522	0.9655179151	0.0263586452
2523	0.965526768	0.02635526134
2524	0.965532865	0.02635293061
2525	0.9655422349	0.02634934832
2526	0.9655451396	0.0263482377
2527	0.9655593992	0.02634278487
2528	0.9655646861	0.0263407629
2529	0.965567817	0.0263395654
2530	0.9655773999	0.0263358998
2531	0.965584858	0.02633304666
2532	0.9655976086	0.02632816808
2533	0.965604987	0.02632534459
2534	0.965607992	0.02632419456
2535	0.9656168444	0.02632080649
2536	0.9656325507	0.02631479409
2537	0.9656342183	0.02631415563
2538	0.9656392755	0.0263122194
2539	0.9656432815	0.02631068553
2540	0.9656473232	0.02630913789
2541	0.9656504772	0.02630793011
2542	0.9656539482	0.02630660088
2543	0.9656567091	0.02630554353
2544	0.9656633549	0.02630299822
2545	0.9656712052	0.02629999125
2546	0.9656829637	0.02629548664
2547	0.9656949933	0.02629087738
2548	0.9656953489	0.02629074114
2549	0.9657010558	0.02628855418
2550	0.9657067321	0.02628637877
2551	0.9657171332	0.02628239218
2552	0.9657174133	0.02628228481
2553	0.9657278135	0.0262782979
2554	0.9657360709	0.02627513203
2555	0.9657408122	0.02627331404
2556	0.9657442309	0.02627200313
2557	0.9657469765	0.02627095024
2558	0.9657493871	0.02627002581
2559	0.9657593875	0.02626619039
2560	0.9657604681	0.02626577594
2561	0.96576165	0.02626532258
2562	0.9657670011	0.02626327003
2563	0.9657705729	0.02626189987
2564	0.965770874	0.02626178434
2565	0.965774339	0.02626045509
2566	0.9657877166	0.02625532242
2567	0.9657933899	0.02625314543
2568	0.9657981204	0.02625133005
2569	0.9657996003	0.02625076211
2570	0.9658089459	0.02624717523
2571	0.9658120703	0.02624597595
2572	0.9658150423	0.02624483515
2573	0.9658159107	0.02624450181
2574	0.9658200229	0.02624292321
2575	0.9658233058	0.02624166289
2576	0.9658239642	0.0262414101
2577	0.9658292269	0.02623938961
2578	0.9658354351	0.02623700588
2579	0.9658357799	0.0262368735
2580	0.9658379154	0.02623605348
2581	0.9658423569	0.02623434792
2582	0.9658439611	0.02623373186
2583	0.9658463626	0.02623280962
2584	0.9658593491	0.02622782178
2585	0.9658665831	0.02622504295
2586	0.965871042	0.02622333001
2587	0.9658774064	0.02622088479
2588	0.9658807216	0.02621961104
2589	0.9658848041	0.02621804232
2590	0.9658903512	0.02621591072
2591	0.9658953745	0.02621398027
2592	0.9658974835	0.02621316971
2593	0.9658996357	0.02621234257
2594	0.9659115314	0.02620777014
2595	0.9659141527	0.02620676249
2596	0.9659156284	0.02620619518
2597	0.9659296434	0.02620080682
2598	0.9659341917	0.02619905792
2599	0.965939882	0.02619686969
2600	0.9659426237	0.02619581529
2601	0.9659455589	0.02619468643
2602	0.9659509526	0.02619261194
2603	0.9659602938	0.02618901878
2604	0.9659650666	0.02618718269
2605	0.9659681415	0.02618599974
2606	0.9659822975	0.02618055297
2607	0.9659922652	0.02617671703
2608	0.9660202983	0.02616592587
2609	0.9660263603	0.02616359174
2610	0.9660289967	0.02616257659
2611	0.9660414197	0.02615779239
2612	0.96604275	0.02615728002
2613	0.9660462577	0.026155929
2614	0.9660483958	0.02615510546
2615	0.9660527762	0.02615341814
2616	0.966064585	0.02614886893
2617	0.9660699639	0.02614679648
2618	0.9660747218	0.02614496318
2619	0.9660756239	0.02614461557
2620	0.9660926626	0.02613804911
2621	0.9660953802	0.02613700162
2622	0.9660980662	0.02613596628
2623	0.9661073257	0.02613239684
2624	0.9661118164	0.02613066555
2625	0.9661150273	0.02612942757
2626	0.9661168999	0.02612870557
2627	0.9661286472	0.02612417575
2628	0.9661412022	0.02611933363
2629	0.9661447255	0.02611797462
2630	0.966155288	0.02611390004
2631	0.9661615356	0.02611148965
2632	0.9661716061	0.02610760392
2633	0.9661727026	0.0261071808
2634	0.9661789288	0.02610477805
2635	0.966182913	0.02610324042
2636	0.9661842745	0.02610271494
2637	0.9661877164	0.02610138648
2638	0.9661914293	0.02609995334
2639	0.9661949287	0.02609860257
2640	0.9661949503	0.02609859421
2641	0.9662062901	0.02609421649
2642	0.9662154726	0.02609067106
2643	0.966222369	0.02608800801
2644	0.9662277592	0.02608592638
2645	0.9662337954	0.02608359507
2646	0.9662381153	0.02608192652
2647	0.9662419739	0.02608043603
2648	0.966242257	0.02608032666
2649	0.9662504735	0.02607715257
2650	0.966254608	0.02607555523
2651	0.9662629046	0.02607234956
2652	0.966264365	0.02607178524
2653	0.9662659533	0.02607117152
2654	0.9662701523	0.02606954886
2655	0.9662703869	0.02606945822
2656	0.9662774097	0.02606674413
2657	0.966279681	0.02606586628
2658	0.9662823967	0.02606481665
2659	0.9662930812	0.02606068658
2660	0.9662955969	0.02605971403
2661	0.9662958312	0.02605962346
2662	0.9663017429	0.02605733795
2663	0.9663063424	0.0260555596
2664	0.9663106939	0.026053877
2665	0.9663147277	0.02605231717
2666	0.9663165698	0.02605160483
2667	0.9663203729	0.02605013407
2668	0.9663243617	0.02604859143
2669	0.9663342045	0.02604478437
2670	0.9663516958	0.02603801763
2671	0.9663663542	0.02603234544
2672	0.9663718426	0.02603022137
2673	0.9663808058	0.02602675212
2674	0.966385953	0.02602475966
2675	0.966386874	0.0260244031
2676	0.9663905527	0.02602297899
2677	0.9663970884	0.02602044863
2678	0.9663986573	0.02601984119
2679	0.9664063426	0.0260168654
2680	0.9664072907	0.02601649827
2681	0.9664105309	0.02601524352
2682	0.9664119364	0.02601469922
2683	0.9664126907	0.0260144071
2684	0.9664144631	0.02601372072
2685	0.9664253874	0.02600948967
2686	0.9664346167	0.02600591455
2687	0.9664410009	0.02600344124
2688	0.9664562864	0.02599751854
2689	0.9664605266	0.02599587531
2690	0.9664684018	0.02599282317
2691	0.9664747654	0.02599035662
2692	0.9664789966	0.02598871644
2693	0.966482824	0.02598723273
2694	0.966486561	0.02598578395
2695	0.966486754	0.02598570912
2696	0.9664927514	0.02598338389
2697	0.9665019214	0.02597982818
2698	0.9665023605	0.02597965789
2699	0.9665052612	0.02597853304
2700	0.966507076	0.02597782922
2701	0.9665178184	0.02597366287
2702	0.9665191941	0.02597312929
2703	0.9665212792	0.02597232048
2704	0.9665223485	0.02597190574
2705	0.9665238132	0.02597133757
2706	0.9665256944	0.02597060783
2707	0.966541926	0.02596431052
2708	0.9665490821	0.0259615337
2709	0.9665541602	0.02595956308
2710	0.9665553579	0.02595909824
2711	0.9665555957	0.02595900596
2712	0.9665654285	0.02595518965
2713	0.9665742173	0.02595177807
2714	0.9665767501	0.02595079482
2715	0.9665847574	0.02594768608
2716	0.9665907543	0.02594535761
2717	0.9665924565	0.02594469663
2718	0.9665973821	0.02594278391
2719	0.9666048294	0.02593989174
2720	0.9666091294	0.02593822163
2721	0.9666169938	0.0259351669
2722	0.9666183437	0.02593464254
2723	0.9666195975	0.02593415547
2724	0.9666278349	0.02593095537
2725	0.9666338854	0.02592860455
2726	0.9666409452	0.02592586134
2727	0.9666422137	0.02592536843
2728	0.966646441	0.02592372564
2729	0.966655022	0.02592039071
2730	0.9666681152	0.02591530126
2731	0.9666757578	0.02591233004
2732	0.9666771391	0.02591179302
2733	0.9666793048	0.02591095098
2734	0.9666855952	0.02590850509
2735	0.9666913803	0.02590625548
2736	0.9666960105	0.02590445478
2737	0.9666970182	0.02590406289
2738	0.9667002247	0.02590281578
2739	0.966708756	0.02589949748
2740	0.9667185679	0.02589568052
2741	0.9667213091	0.02589461406
2742	0.9667279958	0.02589201241
2743	0.966737503	0.02588831295
2744	0.966746579	0.02588478075
2745	0.9667556473	0.0258812511
2746	0.9667622663	0.02587867449
2747	0.9667663624	0.02587707982
2748	0.9667697782	0.02587574996
2749	0.966776082	0.02587329551
2750	0.9667801521	0.02587171065
2751	0.9667826825	0.02587072531
2752	0.9667861165	0.02586938799
2753	0.9667918791	0.02586714372
2754	0.9668007117	0.02586370348
2755	0.9668102455	0.02585998957
2756	0.9668201966	0.02585611256
2757	0.9668259038	0.02585388875
2758	0.9668367103	0.02584967742
2759	0.9668390905	0.02584874978
2760	0.9668434881	0.02584703577
2761	0.966847001	0.0258456665
2762	0.9668577847	0.02584146275
2763	0.9668623753	0.02583967301
2764	0.9668646093	0.02583880197
2765	0.966870564	0.02583648015
2766	0.9668737498	0.02583523788
2767	0.9668800065	0.02583279796
2768	0.9668841365	0.02583118724
2769	0.9668873336	0.02582994031
2770	0.9668912585	0.02582840943
2771	0.9668958442	0.0258266207
2772	0.9669009593	0.02582462533
2773	0.9669039456	0.02582346028
2774	0.966907772	0.02582196746
2775	0.9669143765	0.02581939059
2776	0.9669160669	0.02581873101
2777	0.9669195188	0.02581738403
2778	0.9669207742	0.02581689414
2779	0.9669233611	0.02581588464
2780	0.9669442043	0.02580774942
2781	0.9669508932	0.0258051382
2782	0.9669540894	0.02580389034
2783	0.9669614343	0.02580102253
2784	0.966965162	0.02579956696
2785	0.966973418	0.02579634287
2786	0.9669817909	0.0257930727
2787	0.9669869447	0.02579105963
2788	0.9669936951	0.02578842265
2789	0.967001269	0.02578546366
2790	0.9670059716	0.02578362627
2791	0.967007627	0.02578297944
2792	0.9670128624	0.02578093368
2793	0.9670162156	0.02577962333
2794	0.9670220519	0.02577734243
2795	0.9670252057	0.02577610979
2796	0.9670327867	0.02577314663
2797	0.9670425292	0.0257693381
2798	0.967042856	0.02576921035
2799	0.9670470205	0.02576758218
2800	0.9670501983	0.02576633972
2801	0.9670524056	0.02576547665
2802	0.9670538119	0.02576492678
2803	0.9670603964	0.02576235199
2804	0.9670659285	0.02576018856
2805	0.967075788	0.02575633235
2806	0.9670771285	0.025755808
2807	0.9670773533	0.02575572008
2808	0.9670803859	0.02575453385
2809	0.9670847271	0.02575283562
2810	0.9670865457	0.02575212418
2811	0.9670914295	0.02575021351
2812	0.9670954464	0.0257486419
2813	0.967104001	0.02574529459
2814	0.9671093697	0.02574319368
2815	0.9671104717	0.02574276239
2816	0.9671176462	0.0257399545
2817	0.9671328358	0.02573400866
2818	0.9671410225	0.02573080351
2819	0.9671464151	0.02572869203
2820	0.9671499586	0.02572730446
2821	0.9671510106	0.02572689254
2822	0.9671538208	0.02572579204
2823	0.9671555176	0.02572512757
2824	0.9671576859	0.02572427839
2825	0.9671622927	0.02572247415
2826	0.9671701075	0.02571941323
2827	0.9671762911	0.02571699094
2828	0.9671798981	0.02571557788
2829	0.9671841567	0.02571390946
2830	0.9671942019	0.02570997355
2831	0.9671965293	0.02570906151
2832	0.9671991747	0.02570802487
2833	0.9672061532	0.02570528996
2834	0.9672091025	0.02570413405
2835	0.9672200081	0.02569985937
2836	0.9672228427	0.02569874816
2837	0.9672334302	0.02569459728
2838	0.9672381239	0.0256927569
2839	0.9672433445	0.02569070973
2840	0.9672447021	0.02569017736
2841	0.9672485379	0.02568867307
2842	0.9672531148	0.02568687806
2843	0.9672580015	0.02568496142
2844	0.9672580853	0.02568492854
2845	0.9672590068	0.02568456711
2846	0.9672684942	0.02568084553
2847	0.9672728977	0.02567911799
2848	0.9672777053	0.02567723179
2849	0.9672796591	0.02567646521
2850	0.9672852026	0.02567429006
2851	0.9672901177	0.02567236132
2852	0.9672903437	0.02567227264
2853	0.9672961935	0.02566997691
2854	0.9672982878	0.02566915495
2855	0.9673054016	0.02566636281
2856	0.9673117916	0.0256638545
2857	0.9673171892	0.02566173558
2858	0.9673175593	0.02566159026
2859	0.9673234798	0.02565926583
2860	0.9673251806	0.02565859805
2861	0.967333804	0.02565521197
2862	0.9673516863	0.02564818888
2863	0.9673566827	0.02564622623
2864	0.9673641476	0.02564329368
2865	0.967373206	0.02563973465
2866	0.9673876027	0.02563407721
2867	0.9673898823	0.02563318129
2868	0.9674016437	0.02562855832
2869	0.9674063795	0.02562669663
2870	0.9674110234	0.02562487096
2871	0.9674179865	0.02562213323
2872	0.9674214455	0.02562077316
2873	0.9674219986	0.02562055567
2874	0.9674293344	0.02561767093
2875	0.9674338456	0.02561589679
2876	0.967436883	0.02561470215
2877	0.9674402455	0.02561337962
2878	0.9674505484	0.02560932687
2879	0.9674535247	0.02560815601
2880	0.9674644084	0.0256038739
2881	0.9674680115	0.02560245615
2882	0.967472525	0.02560068002
2883	0.9674825701	0.02559672675
2884	0.9674829625	0.02559657229
2885	0.9674863652	0.02559523298
2886	0.9674980538	0.02559063185
2887	0.9675019585	0.02558909462
2888	0.9675118282	0.02558520861
2889	0.9675144892	0.02558416077
2890	0.9675198253	0.02558205945
2891	0.9675217395	0.02558130563
2892	0.9675219586	0.02558121933
2893	0.9675302085	0.02557797014
2894	0.9675345099	0.02557627584
2895	0.9675370022	0.02557529411
2896	0.9675381715	0.02557483351
2897	0.9675399121	0.02557414786
2898	0.9675459686	0.02557176188
2899	0.9675541986	0.02556851931
2900	0.967555084	0.02556817043
2901	0.967557527	0.02556720781
2902	0.9675666074	0.02556362955
2903	0.9675721612	0.02556144072
2904	0.9675743586	0.02556057465
2905	0.9675750025	0.02556032087
2906	0.9675789488	0.02555876539
2907	0.9675841959	0.02555669705
2908	0.9675886678	0.02555493417
2909	0.9675967783	0.02555173661
2910	0.9676010405	0.02555005605
2911	0.9676024622	0.02554949547
2912	0.9676079401	0.02554733537
2913	0.9676104043	0.02554636359
2914	0.9676141517	0.02554488572
2915	0.9676175073	0.02554356231
2916	0.9676241848	0.02554092855
2917	0.9676288195	0.02553910035
2918	0.9676428049	0.02553358288
2919	0.9676480443	0.02553151555
2920	0.9676520153	0.02552994857
2921	0.9676551273	0.0255287205
2922	0.9676643428	0.02552508352
2923	0.9676646014	0.02552498147
2924	0.9676723082	0.02552193948
2925	0.967672864	0.02552172008
2926	0.9676763305	0.02552035165
2927	0.9676781838	0.02551962003
2928	0.9676810764	0.02551847807
2929	0.9676877927	0.02551582641
2930	0.9676985647	0.02551157293
2931	0.9677027531	0.02550991888
2932	0.9677059314	0.02550866367
2933	0.9677143449	0.02550534059
2934	0.9677195518	0.02550328381
2935	0.9677216912	0.02550243866
2936	0.9677220612	0.02550229252
2937	0.9677302568	0.0254990547
2938	0.9677424113	0.02549425208
2939	0.9677451216	0.02549318105
2940	0.9677504471	0.02549107641
2941	0.9677570349	0.02548847267
2942	0.9677729565	0.02548217877
2943	0.9677763523	0.0254808362
2944	0.9677842688	0.025477706
2945	0.9677889637	0.02547584947
2946	0.9677991012	0.02547184029
2947	0.9678053572	0.02546936581
2948	0.9678102772	0.02546741961
2949	0.9678172068	0.02546467824
2950	0.9678219585	0.02546279827
2951	0.9678253834	0.02546144315
2952	0.9678372862	0.02545673306
2953	0.9678396822	0.02545578484
2954	0.9678408405	0.02545532642
2955	0.9678495584	0.02545187589
2956	0.9678537012	0.02545023601
2957	0.9678617969	0.02544703112
2958	0.9678641424	0.02544610253
2959	0.9678663797	0.02544521675
2960	0.9678781709	0.02544054785
2961	0.9678815717	0.02543920109
2962	0.9678841257	0.02543818963
2963	0.9678842336	0.0254381469
2964	0.9678857291	0.0254375546
2965	0.9678861711	0.02543737954
2966	0.9678902461	0.02543576559
2967	0.9678956423	0.0254336282
2968	0.9678968983	0.02543313069
2969	0.9678978764	0.02543274326
2970	0.9678996206	0.02543205232
2971	0.9679004092	0.02543173992
2972	0.9679018386	0.0254311737
2973	0.9679033568	0.02543057225
2974	0.967913231	0.02542666021
2975	0.9679132674	0.02542664581
2976	0.9679144144	0.02542619134
2977	0.9679219199	0.0254232173
2978	0.9679263821	0.025421449
2979	0.9679354209	0.0254178667
2980	0.9679390775	0.02541641735
2981	0.9679465618	0.02541345054
2982	0.9679494119	0.02541232066
2983	0.9679564042	0.02540954848
2984	0.9679585571	0.0254086949
2985	0.9679663825	0.02540559194
2986	0.9679684495	0.02540477229
2987	0.9679733349	0.02540283486
2988	0.967974856	0.02540223158
2989	0.9679800986	0.0254001523
2990	0.9679867092	0.0253975302
2991	0.9679870035	0.02539741347
2992	0.9679927088	0.02539515023
2993	0.9679967223	0.02539355798
2994	0.9679978326	0.0253931175
2995	0.9679998125	0.02539233197
2996	0.9680071174	0.02538943356
2997	0.9680110097	0.02538788906
2998	0.9680136835	0.02538682802
2999	0.968017599	0.02538527414
3000	0.9680296029	0.02538050978
3001	0.9680358322	0.02537803701
3002	0.9680363113	0.02537784683
3003	0.9680395277	0.02537656997
3004	0.9680434674	0.02537500583
3005	0.9680452057	0.02537431569
3006	0.9680495855	0.02537257669
3007	0.9680534301	0.02537105011
3008	0.9680588887	0.02536888248
3009	0.9680733336	0.02536314549
3010	0.9680750131	0.02536247837
3011	0.9680814595	0.0253599176
3012	0.9680887722	0.02535701238
3013	0.9680900568	0.02535650202
3014	0.9680929411	0.02535535602
3015	0.9680954377	0.025354364
3016	0.9681013217	0.0253520259
3017	0.9681045684	0.02535073569
3018	0.9681091098	0.02534893085
3019	0.968109679	0.02534870462
3020	0.9681155131	0.02534638586
3021	0.9681219205	0.02534383897
3022	0.968129062	0.02534099998
3023	0.9681352332	0.02533854646
3024	0.9681439692	0.02533507284
3025	0.9681479994	0.02533347016
3026	0.9681512466	0.0253321788
3027	0.9681525708	0.02533165216
3028	0.9681581381	0.02532943795
3029	0.9681683583	0.02532537264
3030	0.9681703066	0.0253245976
3031	0.9681743802	0.02532297703
3032	0.968179834	0.02532080718
3033	0.9681943006	0.02531505063
3034	0.9682014658	0.02531219899
3035	0.9682027929	0.02531167078
3036	0.9682077614	0.02530969316
3037	0.9682114947	0.02530820708
3038	0.9682228482	0.02530368717
3039	0.968236773	0.02529814251
3040	0.9682404207	0.02529668985
3041	0.9682442227	0.02529517565
3042	0.9682534666	0.02529149376
3043	0.9682535729	0.02529145142
3044	0.9682577175	0.02528980042
3045	0.9682602255	0.02528880129
3046	0.9682629717	0.02528770726
3047	0.9682705796	0.02528467615
3048	0.9682721102	0.02528406627
3049	0.9682770654	0.02528209178
3050	0.968280038	0.02528090722
3051	0.9682835749	0.02527949772
3052	0.9682860405	0.02527851511
3053	0.9682891505	0.02527727561
3054	0.9682924859	0.02527594622
3055	0.9682972183	0.02527405994
3056	0.9683040727	0.02527132753
3057	0.9683138132	0.02526744416
3058	0.9683192445	0.02526527853
3059	0.9683219083	0.02526421632
3060	0.9683253868	0.02526282921
3061	0.9683286509	0.02526152749
3062	0.9683335236	0.02525958415
3063	0.9683360309	0.02525858413
3064	0.9683395921	0.02525716366
3065	0.9683439181	0.02525543808
3066	0.9683512278	0.02525252205
3067	0.9683533155	0.02525168913
3068	0.9683601336	0.02524896882
3069	0.9683678209	0.02524590138
3070	0.968371496	0.02524443476
3071	0.9683734847	0.02524364111
3072	0.9683852808	0.02523893297
3073	0.9683889139	0.02523748272
3074	0.9683897873	0.02523713406
3075	0.9683932211	0.02523576326
3076	0.9683993896	0.02523330059
3077	0.9684053925	0.02523090381
3078	0.9684100888	0.02522902856
3079	0.9684117547	0.02522836331
3080	0.9684119034	0.02522830392
3081	0.9684159035	0.02522670649
3082	0.9684170477	0.02522624957
3083	0.9684261088	0.02522263063
3084	0.9684290999	0.02522143587
3085	0.9684312493	0.02522057732
3086	0.9684430742	0.02521585334
3087	0.9684464516	0.02521450395
3088	0.9684495102	0.02521328186
3089	0.9684516645	0.02521242104
3090	0.9684538925	0.02521153074
3091	0.9684626387	0.02520803554
3092	0.9684637041	0.02520760973
3093	0.9684685562	0.02520567047
3094	0.968469862	0.02520514855
3095	0.9684750655	0.02520306863
3096	0.9684786873	0.02520162085
3097	0.9684919556	0.02519631623
3098	0.9684963999	0.02519453914
3099	0.9685026493	0.02519204009
3100	0.9685033437	0.02519176239
3101	0.9685083844	0.02518974647
3102	0.9685104722	0.02518891146
3103	0.9685135236	0.02518769101
3104	0.9685143593	0.02518735672
3105	0.9685176199	0.02518605253
3106	0.9685202307	0.02518500818
3107	0.9685254263	0.02518292973
3108	0.9685313054	0.02518057771
3109	0.9685348126	0.02517917445
3110	0.9685383577	0.02517775599
3111	0.9685417641	0.02517639293
3112	0.9685454492	0.02517491826
3113	0.9685492998	0.02517337731
3114	0.9685513691	0.02517254913
3115	0.9685534712	0.02517170784
3116	0.9685640878	0.02516745837
3117	0.9685700247	0.02516508177
3118	0.9685754006	0.02516292951
3119	0.968577593	0.02516205172
3120	0.9685814391	0.02516051175
3121	0.9685893297	0.02515735208
3122	0.9685932254	0.02515579196
3123	0.9686002876	0.02515296351
3124	0.9686065627	0.02515045005
3125	0.9686212282	0.02514457481
3126	0.9686268064	0.02514233972
3127	0.9686316543	0.02514039713
3128	0.9686357084	0.02513877248
3129	0.9686395499	0.02513723293
3130	0.9686436548	0.02513558771
3131	0.968646323	0.02513451827
3132	0.9686539091	0.02513147738
3133	0.9686602966	0.0251289167
3134	0.9686648725	0.0251270821
3135	0.9686690959	0.0251253887
3136	0.9686729737	0.0251238338
3137	0.968673993	0.02512342503
3138	0.9686814563	0.02512043209
3139	0.9686823661	0.02512006723
3140	0.9686850898	0.02511897483
3141	0.9686865572	0.0251183863
3142	0.9686915723	0.02511637475
3143	0.9686961345	0.02511454476
3144	0.9686991512	0.02511333459
3145	0.9686994578	0.02511321161
3146	0.968700637	0.02511273856
3147	0.9687032377	0.0251116952
3148	0.9687083177	0.0251096571
3149	0.9687108169	0.02510865434
3150	0.9687154799	0.02510678332
3151	0.9687166687	0.02510630628
3152	0.9687193515	0.02510522974
3153	0.9687258907	0.02510260548
3154	0.9687287795	0.02510144608
3155	0.9687310776	0.0251005237
3156	0.9687363613	0.02509840293
3157	0.9687386567	0.02509748153
3158	0.9687410898	0.02509650486
3159	0.9687477345	0.02509383734
3160	0.9687573724	0.02508996769
3161	0.9687617825	0.02508819683
3162	0.968766468	0.02508631523
3163	0.9687667596	0.02508619811
3164	0.9687694886	0.02508510214
3165	0.9687700734	0.02508486725
3166	0.9687705158	0.02508468961
3167	0.9687748733	0.02508293948
3168	0.9687790951	0.02508124376
3169	0.9687852328	0.02507877829
3170	0.9687872247	0.02507797809
3171	0.9687892399	0.02507716852
3172	0.9687925046	0.02507585692
3173	0.968800006	0.02507284299
3174	0.9688020514	0.02507202111
3175	0.9688060349	0.02507042039
3176	0.9688065621	0.02507020854
3177	0.9688136313	0.02506736763
3178	0.9688214021	0.02506424436
3179	0.9688232866	0.02506348689
3180	0.9688268899	0.02506203848
3181	0.9688287195	0.02506130301
3182	0.9688445889	0.02505492278
3183	0.9688465462	0.02505413575
3184	0.9688494685	0.02505296064
3185	0.9688526027	0.02505170028
3186	0.968856104	0.02505029219
3187	0.9688684919	0.02504530964
3188	0.9688739215	0.02504312551
3189	0.9688817627	0.0250399709
3190	0.9688829581	0.02503948995
3191	0.9688884452	0.02503728213
3192	0.9688966502	0.02503398039
3193	0.9688979185	0.02503347
3194	0.9689033947	0.02503126608
3195	0.9689083353	0.02502927749
3196	0.9689098112	0.02502868343
3197	0.9689148561	0.02502665268
3198	0.9689187111	0.02502510081
3199	0.968921747	0.02502387859
3200	0.9689311507	0.02502009246
3201	0.9689352449	0.02501844385
3202	0.9689377406	0.02501743884
3203	0.9689399912	0.02501653252
3204	0.9689437466	0.02501502012
3205	0.9689439281	0.02501494702
3206	0.9689456382	0.02501425828
3207	0.9689502734	0.02501239138
3208	0.9689531867	0.02501121797
3209	0.9689547475	0.02501058924
3210	0.9689551555	0.0250104249
3211	0.9689592777	0.02500876437
3212	0.9689601519	0.02500841221
3213	0.9689613587	0.02500792608
3214	0.9689642668	0.02500675451
3215	0.9689654975	0.02500625868
3216	0.9689689559	0.02500486532
3217	0.9689764853	0.02500183155
3218	0.9689821772	0.02499953789
3219	0.9689858965	0.02499803902
3220	0.9689894145	0.02499662118
3221	0.9690020424	0.02499153121
3222	0.9690050973	0.02499029971
3223	0.9690132374	0.02498701793
3224	0.9690189587	0.02498471103
3225	0.9690274465	0.02498128832
3226	0.9690307204	0.02497996796
3227	0.969037892	0.02497707549
3228	0.9690407579	0.02497591948
3229	0.9690512495	0.02497168718
3230	0.9690567422	0.02496947112
3231	0.969064794	0.02496622223
3232	0.9690673194	0.02496520314
3233	0.969069853	0.02496418073
3234	0.969073371	0.02496276094
3235	0.9690769761	0.02496130597
3236	0.9690804084	0.02495992062
3237	0.9690873717	0.02495710991
3238	0.9690882583	0.02495675201
3239	0.9690917686	0.02495533493
3240	0.9690942174	0.02495434636
3241	0.9690956474	0.02495376901
3242	0.9690975655	0.0249529946
3243	0.9691012375	0.02495151203
3244	0.9691016929	0.02495132816
3245	0.9691025333	0.02495098886
3246	0.9691027128	0.02495091638
3247	0.9691067443	0.02494928852
3248	0.9691089399	0.0249484019
3249	0.9691138316	0.02494642651
3250	0.9691188103	0.02494441582
3251	0.969120627	0.02494368208
3252	0.9691238497	0.02494238043
3253	0.9691297949	0.02493997899
3254	0.9691381919	0.02493658679
3255	0.9691393946	0.02493610088
3256	0.9691448034	0.02493391556
3257	0.9691503962	0.02493165574
3258	0.9691555998	0.02492955292
3259	0.9691578613	0.02492863903
3260	0.9691595005	0.02492797653
3261	0.969161955	0.02492698456
3262	0.9691684173	0.02492437262
3263	0.969173022	0.02492251133
3264	0.9691778571	0.02492055675
3265	0.9691796537	0.02491983043
3266	0.9691841728	0.02491800339
3267	0.9691910289	0.02491523129
3268	0.9691989748	0.02491201814
3269	0.9692056053	0.02490933662
3270	0.9692080423	0.02490835095
3271	0.9692144129	0.02490577417
3272	0.9692162014	0.02490505072
3273	0.9692293962	0.02489971263
3274	0.9692325934	0.024898419
3275	0.9692327252	0.02489836565
3276	0.9692389313	0.02489585441
3277	0.9692418023	0.0248946926
3278	0.9692444262	0.0248936307
3279	0.9692482407	0.02489208691
3280	0.9692526055	0.02489032032
3281	0.9692629406	0.02488613677
3282	0.9692641447	0.02488564932
3283	0.969265479	0.02488510915
3284	0.9692666016	0.02488465469
3285	0.9692725173	0.02488225962
3286	0.9692751276	0.02488120272
3287	0.9692776749	0.02488017127
3288	0.9692820826	0.02487838647
3289	0.969290627	0.02487492618
3290	0.9692910077	0.02487477197
3291	0.9692953531	0.02487301199
3292	0.9692985888	0.02487170138
3293	0.9692997613	0.02487122647
3294	0.9693026623	0.02487005132
3295	0.9693112849	0.02486655819
3296	0.9693138108	0.02486553483
3297	0.9693146924	0.02486517766
3298	0.9693173212	0.0248641125
3299	0.9693300258	0.02485896432
3300	0.9693450969	0.02485285576
3301	0.9693458488	0.02485255097
3302	0.9693482533	0.02485157626
3303	0.9693513822	0.02485030779
3304	0.9693551716	0.02484877151
3305	0.9693622986	0.02484588184
3306	0.9693649253	0.02484481674
3307	0.9693682133	0.02484348342
3308	0.9693704876	0.02484256114
3309	0.9693766513	0.02484006141
3310	0.9693783904	0.02483935606
3311	0.9693816455	0.02483803584
3312	0.9693831592	0.02483742184
3313	0.9693859398	0.02483629397
3314	0.9693889897	0.02483505677
3315	0.969391717	0.02483395043
3316	0.9693988454	0.02483105843
3317	0.9694027263	0.02482948382
3318	0.9694071864	0.02482767408
3319	0.9694104644	0.02482634392
3320	0.9694126081	0.02482547401
3321	0.9694183515	0.02482314315
3322	0.9694244187	0.02482068064
3323	0.969430261	0.02481830922
3324	0.9694346123	0.02481654282
3325	0.9694433624	0.02481299041
3326	0.9694454621	0.02481213787
3327	0.9694485962	0.0248108653
3328	0.9694527662	0.024809172
3329	0.9694657744	0.02480388909
3330	0.9694686405	0.02480272494
3331	0.9694724945	0.02480115947
3332	0.9694802899	0.02479799268
3333	0.9694865888	0.02479543355
3334	0.9694916559	0.02479337468
3335	0.9694970854	0.02479116839
3336	0.9695005472	0.02478976156
3337	0.9695073698	0.02478698874
3338	0.9695133896	0.02478454189
3339	0.9695198859	0.02478190113
3340	0.969526733	0.02477911746
3341	0.9695329388	0.02477659422
3342	0.9695380152	0.02477453
3343	0.9695416298	0.02477306009
3344	0.9695639482	0.02476398218
3345	0.9695660152	0.02476314126
3346	0.969571668	0.02476084144
3347	0.9695770285	0.0247586603
3348	0.9695788412	0.02475792266
3349	0.9695832413	0.02475613211
3350	0.9695833863	0.02475607313
3351	0.9695917393	0.02475267362
3352	0.9695947238	0.02475145889
3353	0.9695970644	0.02475050618
3354	0.9696045608	0.02474745465
3355	0.9696099995	0.02474524051
3356	0.9696155032	0.02474299969
3357	0.9696159747	0.02474280773
3358	0.9696172869	0.02474227344
3359	0.9696245157	0.02473932984
3360	0.9696291845	0.02473742852
3361	0.9696316253	0.02473643448
3362	0.9696397827	0.02473311197
3363	0.969641573	0.02473238273
3364	0.9696469471	0.02473019352
3365	0.9696474932	0.02472997107
3366	0.9696512193	0.02472845308
3367	0.9696541055	0.02472727721
3368	0.9696604596	0.02472468825
3369	0.9696655358	0.02472261977
3370	0.9696677562	0.02472171494
3371	0.9696683721	0.02472146396
3372	0.9696717945	0.02472006925
3373	0.9696815259	0.02471610297
3374	0.9696895927	0.02471281463
3375	0.9696932181	0.02471133666
3376	0.9696975165	0.02470958419
3377	0.9697018137	0.0247078321
3378	0.9697047811	0.02470662215
3379	0.9697083288	0.02470517545
3380	0.9697117799	0.0247037681
3381	0.969719968	0.02470042867
3382	0.9697212538	0.02469990424
3383	0.9697268261	0.02469763132
3384	0.9697307093	0.02469604728
3385	0.9697396678	0.02469239247
3386	0.9697439421	0.02469064852
3387	0.9697504733	0.02468798344
3388	0.9697529522	0.02468697184
3389	0.9697540396	0.02468652811
3390	0.9697558875	0.02468577395
3391	0.9697563964	0.02468556626
3392	0.9697617348	0.02468338753
3393	0.9697650298	0.02468204263
3394	0.9697713703	0.0246794545
3395	0.969778547	0.02467652468
3396	0.9697836948	0.02467442294
3397	0.9697919152	0.02467106638
3398	0.9697949009	0.02466984711
3399	0.9697978704	0.02466863441
3400	0.9698011571	0.02466729214
3401	0.9698035327	0.02466632186
3402	0.969807665	0.02466463406
3403	0.9698098464	0.02466374306
3404	0.9698131451	0.02466239557
3405	0.9698141526	0.02466198402
3406	0.9698186598	0.02466014273
3407	0.9698237497	0.02465806324
3408	0.969830294	0.02465538932
3409	0.9698353138	0.02465333811
3410	0.969841025	0.02465100414
3411	0.9698428699	0.02465025011
3412	0.9698467801	0.02464865201
3413	0.9698473954	0.02464840051
3414	0.9698505342	0.02464711755
3415	0.9698533428	0.02464596951
3416	0.9698603961	0.02464308618
3417	0.9698640607	0.024641588
3418	0.9698645656	0.02464138158
3419	0.9698666214	0.02464054106
3420	0.969870234	0.02463906395
3421	0.9698736183	0.02463768013
3422	0.9698787777	0.02463557034
3423	0.9698837944	0.02463351875
3424	0.9698857273	0.02463272822
3425	0.9698869613	0.0246322235
3426	0.9698895474	0.02463116578
3427	0.9698906806	0.0246307023
3428	0.9698937993	0.02462942664
3429	0.969899019	0.02462729149
3430	0.9699048572	0.02462490306
3431	0.9699081392	0.02462356034
3432	0.9699136902	0.02462128909
3433	0.9699180036	0.02461952406
3434	0.969918519	0.02461931318
3435	0.9699189844	0.02461912273
3436	0.9699216036	0.0246180509
3437	0.9699263253	0.02461611852
3438	0.9699282112	0.02461534669
3439	0.9699328031	0.02461346726
3440	0.969941848	0.02460976485
3441	0.9699473163	0.02460752617
3442	0.9699504052	0.02460626153
3443	0.9699507422	0.02460612355
3444	0.9699584055	0.02460298579
3445	0.9699626748	0.0246012375
3446	0.9699678232	0.02459912912
3447	0.9699731403	0.02459695142
3448	0.9699767391	0.02459547736
3449	0.9699806015	0.02459389522
3450	0.9699816942	0.02459344764
3451	0.9699887795	0.02459054501
3452	0.9699913926	0.02458947445
3453	0.9699999247	0.02458597855
3454	0.9700063535	0.0245833441
3455	0.9700160842	0.02457935604
3456	0.970017247	0.02457887944
3457	0.9700191666	0.02457809259
3458	0.9700227107	0.02457663983
3459	0.970027174	0.02457481017
3460	0.9700289145	0.02457409666
3461	0.9700305026	0.02457344558
3462	0.97003318	0.02457234789
3463	0.9700370993	0.02457074096
3464	0.9700409736	0.02456915235
3465	0.9700438905	0.02456795626
3466	0.9700490451	0.02456584245
3467	0.9700514908	0.02456483945
3468	0.9700572084	0.02456249446
3469	0.9700669314	0.02455850617
3470	0.9700677635	0.02455816481
3471	0.9700702912	0.02455712787
3472	0.9700753044	0.0245550711
3473	0.9700863409	0.02455054264
3474	0.9700921744	0.02454814872
3475	0.9700924819	0.02454802249
3476	0.9700965153	0.02454636714
3477	0.9701002691	0.02454482645
3478	0.9701061501	0.02454241247
3479	0.9701088926	0.02454128666
3480	0.9701102846	0.02454071519
3481	0.9701138188	0.02453926431
3482	0.9701179333	0.02453757505
3483	0.9701227279	0.02453560644
3484	0.9701246889	0.02453480122
3485	0.9701393696	0.02452877232
3486	0.9701426465	0.02452742638
3487	0.9701458498	0.0245261106
3488	0.9701552068	0.02452226675
3489	0.9701585625	0.02452088809
3490	0.9701625248	0.02451926012
3491	0.9701756384	0.0245138714
3492	0.970178404	0.02451273481
3493	0.970179957	0.02451209652
3494	0.9701884109	0.02450862175
3495	0.970190646	0.02450770296
3496	0.9701994533	0.02450408223
3497	0.97020285	0.02450268571
3498	0.9702056441	0.02450153684
3499	0.9702175957	0.02449662212
3500	0.9702183631	0.02449630655
3501	0.9702238809	0.02449403715
3502	0.9702278779	0.02449239311
3503	0.9702325983	0.0244904514
3504	0.9702391283	0.02448776504
3505	0.9702445956	0.02448551565
3506	0.9702451243	0.02448529809
3507	0.9702520876	0.02448243289
3508	0.9702558534	0.0244808832
3509	0.9702601144	0.02447912963
3510	0.9702632276	0.02447784838
3511	0.9702661605	0.02447664121
3512	0.9702689075	0.02447551053
3513	0.9702704449	0.02447487772
3514	0.9702754802	0.02447280496
3515	0.9702804353	0.02447076507
3516	0.9702856607	0.0244686137
3517	0.9702888093	0.0244673173
3518	0.9702961945	0.02446427623
3519	0.9703039546	0.02446108038
3520	0.9703053794	0.02446049357
3521	0.9703078046	0.02445949468
3522	0.9703102155	0.02445850165
3523	0.9703142348	0.02445684606
3524	0.9703145418	0.02445671958
3525	0.9703253802	0.02445225449
3526	0.9703276761	0.02445130857
3527	0.9703326357	0.02444926501
3528	0.9703350987	0.02444825008
3529	0.9703372112	0.02444737956
3530	0.9703377127	0.0244471729
3531	0.9703433912	0.02444483272
3532	0.9703478975	0.02444297548
3533	0.9703524125	0.02444111451
3534	0.9703558725	0.02443968827
3535	0.9703593874	0.02443823931
3536	0.9703620631	0.02443713625
3537	0.9703625208	0.02443694754
3538	0.9703640021	0.02443633688
3539	0.9703715163	0.02443323875
3540	0.9703785213	0.02443035021
3541	0.9703820165	0.02442890885
3542	0.9703897522	0.02442571843
3543	0.9703921577	0.02442472626
3544	0.9703979694	0.024422329
3545	0.9704038489	0.02441990352
3546	0.9704059694	0.02441902867
3547	0.9704067708	0.02441869804
3548	0.9704145141	0.02441550316
3549	0.9704161397	0.02441483239
3550	0.970418172	0.02441399378
3551	0.970421383	0.0244126687
3552	0.9704238069	0.0244116684
3553	0.9704262269	0.02441066969
3554	0.9704274155	0.02441017911
3555	0.9704288032	0.02440960639
3556	0.9704308011	0.0244087818
3557	0.9704333303	0.02440773786
3558	0.9704365465	0.02440641034
3559	0.9704425106	0.02440394832
3560	0.9704439494	0.02440335435
3561	0.9704502991	0.02440073288
3562	0.9704546543	0.02439893464
3563	0.9704615453	0.02439608913
3564	0.9704657927	0.02439433508
3565	0.9704666745	0.0243939709
3566	0.9704724693	0.0243915776
3567	0.9704781768	0.02438922013
3568	0.9704853719	0.02438624784
3569	0.970491871	0.02438356276
3570	0.9704979686	0.02438104334
3571	0.9705030177	0.02437895688
3572	0.9705129643	0.02437484616
3573	0.9705158217	0.02437366513
3574	0.970520863	0.02437158128
3575	0.9705291342	0.02436816201
3576	0.9705333552	0.02436641685
3577	0.9705348825	0.02436578538
3578	0.9705380701	0.02436446735
3579	0.9705394651	0.02436389053
3580	0.9705438972	0.02436205781
3581	0.9705482185	0.02436027075
3582	0.9705486856	0.02436007756
3583	0.9705511291	0.02435906697
3584	0.9705557057	0.02435717413
3585	0.9705649206	0.0243533624
3586	0.9705697085	0.02435138168
3587	0.9705712663	0.02435073719
3588	0.9705804673	0.02434693022
3589	0.9705825912	0.02434605135
3590	0.9705861948	0.02434456013
3591	0.9705939187	0.02434136352
3592	0.9705994493	0.0243390744
3593	0.9706029083	0.02433764262
3594	0.9706082612	0.0243354267
3595	0.9706128783	0.02433351522
3596	0.9706169709	0.02433182073
3597	0.9706267517	0.02432777071
3598	0.9706275037	0.0243274593
3599	0.9706311306	0.02432595726
3600	0.970634415	0.02432459701
3601	0.9706401332	0.02432222861
3602	0.970641893	0.02432149968
3603	0.9706424344	0.02432127541
3604	0.9706442803	0.02432051079
3605	0.9706503427	0.02431799936
3606	0.970654245	0.02431638267
3607	0.9706581653	0.02431475839
3608	0.9706596898	0.02431412674
3609	0.9706627309	0.02431286665
3610	0.9706644306	0.02431216231
3611	0.9706650739	0.02431189575
3612	0.9706685015	0.02431047536
3613	0.9706775395	0.02430672965
3614	0.9706792985	0.02430600057
3615	0.9706814368	0.02430511428
3616	0.9706907228	0.02430126493
3617	0.9706918134	0.0243008128
3618	0.9706927931	0.02430040663
3619	0.9706984894	0.02429804495
3620	0.9707027168	0.02429629211
3621	0.970703877	0.02429581104
3622	0.9707051134	0.02429529835
3623	0.9707115188	0.02429264208
3624	0.9707162951	0.02429066118
3625	0.970719481	0.02428933982
3626	0.9707271029	0.02428617829
3627	0.9707308239	0.02428463468
3628	0.9707339604	0.02428333345
3629	0.9707350227	0.02428289272
3630	0.9707410237	0.02428040292
3631	0.9707439154	0.02427920304
3632	0.9707464377	0.02427815642
3633	0.9707520575	0.02427582431
3634	0.970753505	0.0242752236
3635	0.9707567802	0.0242738643
3636	0.9707607163	0.02427223062
3637	0.9707760545	0.0242658635
3638	0.9707783841	0.0242648963
3639	0.9707857989	0.02426181756
3640	0.9707900032	0.0242600717
3641	0.9707900536	0.02426005077
3642	0.9707918652	0.02425929849
3643	0.9707957804	0.0242576725
3644	0.970798357	0.02425660238
3645	0.9708070709	0.024252983
3646	0.9708132685	0.02425040839
3647	0.9708141285	0.02425005113
3648	0.9708170964	0.02424881811
3649	0.9708208334	0.02424726548
3650	0.9708221994	0.0242466979
3651	0.9708272747	0.02424458903
3652	0.9708293097	0.02424374341
3653	0.9708339861	0.02424180006
3654	0.9708425716	0.0242382318
3655	0.9708476611	0.02423611627
3656	0.9708495863	0.02423531599
3657	0.9708520454	0.02423429375
3658	0.9708565376	0.0242324262
3659	0.9708580006	0.02423181797
3660	0.9708655457	0.02422868088
3661	0.9708695317	0.02422702342
3662	0.9708735829	0.02422533872
3663	0.9708761541	0.02422426941
3664	0.9708786558	0.02422322896
3665	0.970891402	0.02421792725
3666	0.9708946635	0.02421657041
3667	0.9709024279	0.0242133401
3668	0.9709074014	0.02421127068
3669	0.9709093196	0.02421047247
3670	0.9709123813	0.02420919841
3671	0.9709205598	0.02420579475
3672	0.9709345373	0.02419997661
3673	0.9709387684	0.02419821512
3674	0.9709411092	0.02419724058
3675	0.9709542664	0.02419176198
3676	0.970959467	0.02418959611
3677	0.9709599206	0.0241894072
3678	0.9709689116	0.02418566229
3679	0.9709710791	0.02418475942
3680	0.9709769188	0.02418232671
3681	0.9709771809	0.02418221749
3682	0.9709820028	0.02418020861
3683	0.9709877642	0.02417780805
3684	0.9709902196	0.02417678487
3685	0.9709916076	0.0241762065
3686	0.9709949396	0.02417481799
3687	0.9709969727	0.0241739707
3688	0.9709987184	0.02417324315
3689	0.9710021283	0.024171822
3690	0.9710073563	0.02416964295
3691	0.9710115529	0.02416789366
3692	0.9710166235	0.02416577985
3693	0.9710180965	0.02416516579
3694	0.9710210828	0.02416392077
3695	0.9710271281	0.02416140021
3696	0.9710302838	0.02416008435
3697	0.971032338	0.02415922773
3698	0.9710363099	0.0241575714
3699	0.9710415204	0.02415539834
3700	0.9710478146	0.02415277311
3701	0.9710502241	0.02415176802
3702	0.9710507328	0.02415155585
3703	0.9710527757	0.02415070364
3704	0.9710555424	0.02414954948
3705	0.9710580862	0.02414848829
3706	0.9710614543	0.02414708309
3707	0.9710636462	0.02414616858
3708	0.9710716265	0.02414283875
3709	0.9710759272	0.02414104405
3710	0.9710837433	0.02413778204
3711	0.9710874699	0.02413622659
3712	0.9710916346	0.02413448819
3713	0.9710939648	0.02413351548
3714	0.9710991918	0.02413133338
3715	0.9711005186	0.02413077947
3716	0.9711036422	0.02412947535
3717	0.971106097	0.02412845037
3718	0.9711125644	0.02412574986
3719	0.9711180535	0.02412345762
3720	0.9711206007	0.02412239384
3721	0.9711290816	0.02411885158
3722	0.9711328374	0.02411728274
3723	0.9711349633	0.02411639466
3724	0.9711364009	0.02411579414
3725	0.9711389911	0.02411471202
3726	0.9711428301	0.02411310815
3727	0.9711483611	0.02411079718
3728	0.9711525206	0.02410905911
3729	0.9711564138	0.02410743217
3730	0.9711617619	0.02410519711
3731	0.9711629978	0.0241046806
3732	0.9711646636	0.02410398437
3733	0.9711649748	0.02410385431
3734	0.9711708721	0.0241013893
3735	0.9711744114	0.02409990985
3736	0.9711748838	0.02409971234
3737	0.9711778949	0.0240984536
3738	0.9711820222	0.02409672807
3739	0.9711919654	0.02409257062
3740	0.9711944527	0.02409153051
3741	0.9711956256	0.02409104003
3742	0.9711982695	0.02408993437
3743	0.9711999424	0.02408923474
3744	0.9712025776	0.02408813266
3745	0.9712042293	0.02408744186
3746	0.9712046274	0.02408727532
3747	0.9712071394	0.02408622465
3748	0.9712080902	0.02408582698
3749	0.9712111819	0.02408453377
3750	0.971217254	0.02408199368
3751	0.9712189202	0.02408129664
3752	0.9712308066	0.02407632343
3753	0.9712445411	0.02407057567
3754	0.9712449722	0.02407039524
3755	0.9712498745	0.02406834333
3756	0.971254035	0.0240666018
3757	0.9712551785	0.02406612308
3758	0.9712603898	0.02406394144
3759	0.9712638665	0.02406248586
3760	0.9712661349	0.02406153613
3761	0.9712673052	0.02406104613
3762	0.9712742598	0.02405813402
3763	0.9712771602	0.02405691945
3764	0.9712774076	0.02405681584
3765	0.9712862818	0.02405309921
3766	0.9712995614	0.02404753648
3767	0.9713080794	0.02404396771
3768	0.9713106855	0.0240428757
3769	0.9713149518	0.02404108798
3770	0.9713194985	0.02403918261
3771	0.9713231016	0.02403767252
3772	0.9713260556	0.02403643444
3773	0.9713350712	0.02403265542
3774	0.9713395521	0.02403077696
3775	0.9713404199	0.02403041311
3776	0.971344787	0.02402858221
3777	0.9713490745	0.0240267845
3778	0.971352446	0.02402537079
3779	0.9713625903	0.02402111662
3780	0.9713648268	0.02402017865
3781	0.9713661014	0.02401964402
3782	0.9713690768	0.02401839605
3783	0.9713737962	0.02401641641
3784	0.9713749073	0.02401595034
3785	0.9713785467	0.02401442357
3786	0.9713791635	0.02401416481
3787	0.971385012	0.02401171113
3788	0.9713889313	0.02401006666
3789	0.9713919349	0.02400880631
3790	0.9713927814	0.02400845114
3791	0.9713943324	0.02400780027
3792	0.9713958532	0.02400716211
3793	0.9713959107	0.02400713795
3794	0.9714084128	0.02400189096
3795	0.9714104739	0.02400102582
3796	0.9714125928	0.02400013639
3797	0.9714157068	0.0239988292
3798	0.9714159515	0.02399872645
3799	0.9714211181	0.02399655746
3800	0.9714263699	0.02399435251
3801	0.9714297811	0.02399292021
3802	0.9714349437	0.02399075237
3803	0.9714361614	0.02399024101
3804	0.9714385218	0.02398924978
3805	0.9714402426	0.02398852707
3806	0.9714517813	0.02398368066
3807	0.9714594365	0.02398046485
3808	0.971463952	0.02397856776
3809	0.971464646	0.02397827617
3810	0.9714679174	0.02397690167
3811	0.9714703307	0.02397588761
3812	0.9714709729	0.0239756178
3813	0.9714794239	0.02397206641
3814	0.9714834165	0.02397038845
3815	0.9714889813	0.02396804951
3816	0.971495608	0.02396526395
3817	0.9714971695	0.02396460751
3818	0.9714977388	0.02396436819
3819	0.9714992441	0.02396373537
3820	0.9715063402	0.02396075193
3821	0.9715134224	0.02395777398
3822	0.971518016	0.02395584224
3823	0.971519816	0.02395508527
3824	0.9715200357	0.02395499287
3825	0.9715226467	0.02395389479
3826	0.9715251217	0.02395285381
3827	0.9715271863	0.02395198543
3828	0.9715279994	0.02395164345
3829	0.971531785	0.0239500511
3830	0.9715392244	0.02394692155
3831	0.9715450674	0.02394446327
3832	0.9715499044	0.02394242805
3833	0.9715502685	0.02394227483
3834	0.9715526758	0.02394126184
3835	0.9715533957	0.02394095894
3836	0.9715573594	0.02393929094
3837	0.9715611744	0.02393768538
3838	0.9715644091	0.02393632399
3839	0.9715679542	0.02393483184
3840	0.9715703693	0.02393381526
3841	0.9715739324	0.02393231543
3842	0.971575971	0.02393145725
3843	0.9715797286	0.02392987533
3844	0.9715820666	0.02392889102
3845	0.9715850963	0.02392761542
3846	0.9715873775	0.02392665492
3847	0.9715895035	0.02392575974
3848	0.9715960199	0.02392301571
3849	0.9715996402	0.02392149108
3850	0.9716033015	0.02391994907
3851	0.9716069942	0.02391839375
3852	0.9716082814	0.02391785156
3853	0.9716100304	0.02391711486
3854	0.971614014	0.02391543681
3855	0.9716162972	0.02391447499
3856	0.9716174057	0.02391400801
3857	0.971619052	0.02391331447
3858	0.9716197379	0.02391302549
3859	0.9716224191	0.02391189586
3860	0.9716286989	0.02390924996
3861	0.9716313193	0.02390814579
3862	0.9716343152	0.02390688332
3863	0.9716351867	0.02390651609
3864	0.971637319	0.0239056175
3865	0.9716483751	0.02390095767
3866	0.9716507868	0.0238999411
3867	0.9716511816	0.0238997747
3868	0.9716578603	0.02389695924
3869	0.9716581099	0.023896854
3870	0.971661983	0.02389522112
3871	0.9716645114	0.02389415512
3872	0.9716680653	0.02389265662
3873	0.9716708057	0.02389150108
3874	0.9716772655	0.02388877701
3875	0.9716795863	0.02388779826
3876	0.9716880942	0.02388420985
3877	0.9716890672	0.02388379943
3878	0.9716906158	0.02388314619
3879	0.9716924513	0.0238823719
3880	0.9716963808	0.02388071423
3881	0.9716984045	0.02387986052
3882	0.9717010274	0.02387875393
3883	0.9717046453	0.02387722747
3884	0.9717077129	0.02387593312
3885	0.9717094217	0.02387521209
3886	0.971711359	0.02387439462
3887	0.9717182509	0.0238714862
3888	0.9717200261	0.023870737
3889	0.9717261828	0.02386813845
3890	0.9717268764	0.02386784569
3891	0.9717278216	0.02386744672
3892	0.9717289027	0.02386699041
3893	0.9717337201	0.02386495685
3894	0.9717338837	0.02386488779
3895	0.9717392547	0.02386262031
3896	0.9717422961	0.02386133625
3897	0.9717431655	0.02386096918
3898	0.9717490582	0.02385848103
3899	0.9717552293	0.02385587511
3900	0.9717586379	0.02385443559
3901	0.9717609175	0.0238534728
3902	0.9717655755	0.02385150545
3903	0.9717704118	0.02384946258
3904	0.9717752051	0.02384743773
3905	0.9717841589	0.02384365483
3906	0.9717857314	0.02384299038
3907	0.9717886298	0.02384176568
3908	0.9717916639	0.02384048358
3909	0.9717930385	0.02383990269
3910	0.971793456	0.02383972627
3911	0.9717983611	0.02383765333
3912	0.9717999184	0.02383699517
3913	0.971800984	0.0238365448
3914	0.9718035107	0.02383547684
3915	0.9718054023	0.02383467733
3916	0.9718093679	0.02383300107
3917	0.9718101456	0.02383267235
3918	0.971811096	0.02383227057
3919	0.9718138022	0.02383112657
3920	0.9718156814	0.02383033212
3921	0.9718185154	0.02382913401
3922	0.9718204523	0.02382831511
3923	0.9718239558	0.02382683381
3924	0.9718293583	0.02382454943
3925	0.9718336492	0.02382273488
3926	0.9718402097	0.02381996032
3927	0.971842307	0.02381907326
3928	0.9718470929	0.02381704895
3929	0.9718509421	0.0238154207
3930	0.9718525152	0.02381475524
3931	0.9718568528	0.0238129202
3932	0.9718599384	0.02381161474
3933	0.9718635604	0.02381008228
3934	0.97186873	0.0238078948
3935	0.9718702262	0.02380726169
3936	0.971870255	0.02380724949
3937	0.9718741049	0.02380562028
3938	0.9718771963	0.02380431199
3939	0.9718805419	0.02380289602
3940	0.9718830461	0.02380183611
3941	0.9718857539	0.02380068995
3942	0.9718869085	0.0238002012
3943	0.9718912209	0.02379837572
3944	0.9718939583	0.02379721689
3945	0.9718965039	0.02379613919
3946	0.9719007774	0.02379432986
3947	0.9719039209	0.02379299888
3948	0.9719055005	0.02379233004
3949	0.9719083868	0.02379110786
3950	0.971914219	0.02378863803
3951	0.9719159603	0.0237879006
3952	0.9719167714	0.02378755706
3953	0.9719225085	0.02378512717
3954	0.9719277137	0.02378292235
3955	0.9719280851	0.02378276503
3956	0.9719292558	0.02378226912
3957	0.9719322171	0.02378101465
3958	0.9719365065	0.02377919741
3959	0.9719398026	0.02377780092
3960	0.9719452775	0.02377548114
3961	0.9719490386	0.02377388737
3962	0.9719546413	0.02377151303
3963	0.9719564368	0.0237707521
3964	0.9719591966	0.0237695824
3965	0.9719619523	0.02376841441
3966	0.9719672067	0.02376618717
3967	0.9719735848	0.02376348334
3968	0.9719822762	0.02375979834
3969	0.9719847969	0.02375872951
3970	0.9719885846	0.02375712337
3971	0.9719887649	0.0237570469
3972	0.9719952156	0.02375431123
3973	0.9719971701	0.02375348231
3974	0.9719978599	0.02375318972
3975	0.9719985885	0.0237528807
3976	0.9720023573	0.02375128215
3977	0.9720042102	0.02375049622
3978	0.9720102526	0.02374793303
3979	0.9720108784	0.02374766751
3980	0.9720137631	0.02374644373
3981	0.9720171575	0.02374500358
3982	0.9720198617	0.02374385624
3983	0.9720216295	0.02374310616
3984	0.9720274684	0.0237406285
3985	0.9720298455	0.02373961974
3986	0.9720347442	0.02373754076
3987	0.9720355148	0.02373721371
3988	0.9720371341	0.02373652646
3989	0.9720414407	0.02373469854
3990	0.9720426201	0.02373419791
3991	0.9720441942	0.02373352974
3992	0.9720514127	0.02373046542
3993	0.9720529174	0.02372982662
3994	0.9720548219	0.02372901804
3995	0.9720597052	0.02372694467
3996	0.9720633416	0.02372540061
3997	0.9720652263	0.02372460032
3998	0.9720680267	0.02372341111
3999	0.9720688243	0.02372307239
